{"GRASPA_board_pose": {"position": {"y": -0.27530530593049657, "x": 0.35692043608844004, "z": 0.08240302656579507}, "orientation": {"y": -0.021204051090789718, "x": -0.0016596337437620918, "z": -0.6993223872214649, "w": 0.7144899107503528}}, "grasped_score": "1", "object": "potted_meat_can", "grasp_pose": {"position": {"y": 0.08774404180492901, "x": 0.38628390983789085, "z": 0.12514894911691943}, "orientation": {"y": 0.9781157246782161, "x": -0.20667330593932404, "z": 0.004467160773896656, "w": 0.023575797418934185}}, "stability_score": 1.0}