{"GRASPA_board_pose": {"position": {"y": -0.2800282126046721, "x": 0.37703227891282254, "z": 0.07626594648844914}, "orientation": {"y": -0.013394305450335299, "x": -0.0006704549128296564, "z": -0.6854817959387436, "w": 0.7279662426983187}}, "grasped_score": "1", "object": "medium_clamp", "grasp_pose": {"position": {"y": 0.0739373140194115, "x": 0.6027432010076186, "z": 0.07319510345929287}, "orientation": {"y": -0.6549506836487773, "x": 0.7507659742748076, "z": 0.05917947748698769, "w": 0.062352572549697304}}, "stability_score": 1.0}