{"GRASPA_board_pose": {"position": {"y": -0.28070474530497086, "x": 0.37382592905081136, "z": 0.07900061638107941}, "orientation": {"y": -0.01706949692801005, "x": -0.001577689126957942, "z": -0.6895924875438468, "w": 0.7239947128914221}}, "grasped_score": "0", "object": "tomato_soup_can", "grasp_pose": {"position": {"y": 0.1782650614943347, "x": 0.34315914785825297, "z": 0.1398976924403611}, "orientation": {"y": 0.7838148239612305, "x": 0.2618932581492288, "z": -0.25725108014083536, "w": 0.5008673725059158}}, "stability_score": 0.0}