{"GRASPA_board_pose": {"position": {"y": -0.288986850758035, "x": 0.3655518910408242, "z": 0.07488417048703577}, "orientation": {"y": -0.01891563498478003, "x": 0.0011680619065838219, "z": -0.690588619251225, "w": 0.7229994421472201}}, "grasped_score": "1", "object": "mustard_bottle", "grasp_pose": {"position": {"y": -0.228118336597472, "x": 0.6222165016005052, "z": 0.18465718106347623}, "orientation": {"y": 0.5569992904884415, "x": -0.39164863777298914, "z": 0.35599114951320365, "w": 0.640026121649892}}, "stability_score": 1.0}