{"GRASPA_board_pose": {"position": {"y": -0.27764106964138313, "x": 0.36960289760407444, "z": 0.07883428182616936}, "orientation": {"y": -0.016837044750525398, "x": -0.001606466450701602, "z": -0.69211511960664, "w": 0.7215889372776567}}, "grasped_score": "1", "object": "pear", "grasp_pose": {"position": {"y": -0.058640819691192225, "x": 0.48015981352454995, "z": 0.10199434194422047}, "orientation": {"y": 0.11829972922617438, "x": 0.9800538822075241, "z": 0.12240128347751908, "w": -0.10255480407094701}}, "stability_score": 1.0}