{"GRASPA_board_pose": {"position": {"y": -0.2826769214479379, "x": 0.3709095615703223, "z": 0.07756074812219932}, "orientation": {"y": -0.015832200558314028, "x": -0.0006187827738395116, "z": -0.6886593484071072, "w": 0.7249118983606619}}, "grasped_score": "0", "object": "tennis_ball", "grasp_pose": {"position": {"y": -0.15153331772428957, "x": 0.38697001808887244, "z": 0.1043790692365893}, "orientation": {"y": -0.342113843756659, "x": 0.8939841148860985, "z": -0.17573453612098155, "w": -0.22993019170110351}}, "stability_score": 0.0}