{"GRASPA_board_pose": {"position": {"y": -0.2828925275508652, "x": 0.3692916600691373, "z": 0.07809114921166854}, "orientation": {"y": -0.017428837347471828, "x": -0.001000823133970597, "z": -0.6926589081184671, "w": 0.7210540000484729}}, "grasped_score": "0", "object": "pear", "grasp_pose": {"position": {"y": -0.06313975165981672, "x": 0.4510859884782354, "z": 0.10978936831631131}, "orientation": {"y": -0.24163452885129888, "x": 0.9602208025953637, "z": -0.10380920315882006, "w": 0.09387445909009019}}, "stability_score": 0.0}