{"GRASPA_board_pose": {"position": {"y": -0.2921166817173579, "x": 0.3747045478685172, "z": 0.08267040288859906}, "orientation": {"y": -0.014380848574325726, "x": -0.009299825227087706, "z": -0.6835034812575964, "w": 0.7297463227408374}}, "grasped_score": "1", "object": "mustard_bottle", "grasp_pose": {"position": {"y": -0.22460045110344495, "x": 0.6298408057610282, "z": 0.16953861043496715}, "orientation": {"y": 0.6437234392637182, "x": -0.33380669787145784, "z": 0.19931712856573888, "w": 0.6591402767688771}}, "stability_score": 1.0}