{"GRASPA_board_pose": {"position": {"y": -0.28283335251930053, "x": 0.3688938062342294, "z": 0.0843407108621893}, "orientation": {"y": -0.012202552248710473, "x": -0.006494689335631368, "z": -0.6893700513014266, "w": 0.724277466926674}}, "grasped_score": "0", "object": "scissors", "grasp_pose": {"position": {"y": 0.12248709508710931, "x": 0.46675840801725854, "z": 0.06260883807488227}, "orientation": {"y": -0.3983291015101768, "x": 0.9154431831515469, "z": -0.04596147808761536, "w": -0.034427428650138016}}, "stability_score": 0.0}