{"GRASPA_board_pose": {"position": {"y": -0.2818626062191086, "x": 0.3681174066114154, "z": 0.07971736985791256}, "orientation": {"y": -0.01704743143168948, "x": -0.002654868172631424, "z": -0.69048203076987, "w": 0.7231437629824956}}, "grasped_score": "1", "object": "tennis_ball", "grasp_pose": {"position": {"y": -0.1474298379289914, "x": 0.40813203454214364, "z": 0.10239515092400675}, "orientation": {"y": 0.9631341331893144, "x": 0.17924136495983517, "z": 0.1961302952701782, "w": 0.04216730783718356}}, "stability_score": 1.0}