{"GRASPA_board_pose": {"position": {"y": -0.28110495450740347, "x": 0.3701237188988833, "z": 0.0781813097196577}, "orientation": {"y": -0.017632344367670482, "x": -0.0011319157003769377, "z": -0.6899888855486336, "w": 0.723604282061889}}, "grasped_score": "0", "object": "power_drill", "grasp_pose": {"position": {"y": 0.18792577644010966, "x": 0.6030549640889759, "z": 0.22032136196729854}, "orientation": {"y": -0.6444129240835013, "x": 0.7553550836613344, "z": 0.065398033959856, "w": -0.09946747214700778}}, "stability_score": 0.0}