{"GRASPA_board_pose": {"position": {"y": -0.27971838827322176, "x": 0.36750376574141924, "z": 0.07681766201064161}, "orientation": {"y": -0.020273853334280657, "x": 0.0008056870700690642, "z": -0.692228076931927, "w": 0.7213935203801399}}, "grasped_score": "0", "object": "power_drill", "grasp_pose": {"position": {"y": 0.176645038361065, "x": 0.6060961491863784, "z": 0.22227499680941754}, "orientation": {"y": 0.6637599369259745, "x": 0.6846445952222431, "z": 0.09572350758372271, "w": 0.28551976194453954}}, "stability_score": 0.0}