{"GRASPA_board_pose": {"position": {"y": -0.281035093269731, "x": 0.3647691676812677, "z": 0.07761500896812179}, "orientation": {"y": -0.01990860820783994, "x": 0.00030196362584585163, "z": -0.696013479926797, "w": 0.717752597973275}}, "grasped_score": "0", "object": "strawberry", "grasp_pose": {"position": {"y": -0.10039000226512107, "x": 0.558693740735065, "z": 0.08691125496816482}, "orientation": {"y": 0.4447026243708363, "x": 0.8725727125014329, "z": -0.19811575970725823, "w": -0.0400822034224506}}, "stability_score": 0.0}