{"GRASPA_board_pose": {"position": {"y": -0.2926976058023943, "x": 0.3683955964009449, "z": 0.07823381089095022}, "orientation": {"y": -0.01555439990606428, "x": -0.0018491444356449637, "z": -0.687342385799721, "w": 0.7261646411052839}}, "grasped_score": "1", "object": "chips_can", "grasp_pose": {"position": {"y": -0.0875109293435784, "x": 0.6381285081681392, "z": 0.2581269423240355}, "orientation": {"y": 0.35436562754889434, "x": 0.6191411856075422, "z": 0.6366480983253265, "w": -0.29286241342157715}}, "stability_score": 1.0}