{"GRASPA_board_pose": {"position": {"y": -0.2904026572455982, "x": 0.356972711570667, "z": 0.07986549441910185}, "orientation": {"y": -0.022263969917895025, "x": -1.0373336627452622e-05, "z": -0.6942830297988778, "w": 0.7193576232091932}}, "grasped_score": "0", "object": "chips_can", "grasp_pose": {"position": {"y": -0.08641007340873341, "x": 0.6369045607249478, "z": 0.2382866513501439}, "orientation": {"y": 0.483672679867781, "x": 0.5692446472035367, "z": 0.4745687891591309, "w": -0.46562402723192525}}, "stability_score": 0.0}