{"GRASPA_board_pose": {"position": {"y": -0.27702030051773097, "x": 0.3689311941225522, "z": 0.07826368497405894}, "orientation": {"y": -0.01820503849597233, "x": -0.0007674493242288786, "z": -0.6924471979709895, "w": 0.7212384249449141}}, "grasped_score": "0", "object": "pear", "grasp_pose": {"position": {"y": -0.029381107933251438, "x": 0.4588448986613474, "z": 0.09650096272007397}, "orientation": {"y": 0.9958994217430401, "x": 0.06667076010630736, "z": 0.0599822167499965, "w": -0.011894754830672417}}, "stability_score": 0.0}