{"GRASPA_board_pose": {"position": {"y": -0.28162400145020006, "x": 0.3656188229760482, "z": 0.0768588048825431}, "orientation": {"y": -0.020430144256677402, "x": 0.001149100024685182, "z": -0.6951310021837142, "w": 0.718591802470533}}, "grasped_score": "1", "object": "strawberry", "grasp_pose": {"position": {"y": -0.11443787027622276, "x": 0.5664745720218652, "z": 0.0855830675476611}, "orientation": {"y": 0.8388262662988889, "x": -0.46944129019159053, "z": -0.1971522185161159, "w": -0.1926820509660775}}, "stability_score": 1.0}