{"GRASPA_board_pose": {"position": {"y": -0.2751547183595038, "x": 0.35668686747118217, "z": 0.08312273362196146}, "orientation": {"y": -0.02195209861043868, "x": -0.0022503647934578163, "z": -0.6971472642088367, "w": 0.7165882592054017}}, "grasped_score": "1", "object": "potted_meat_can", "grasp_pose": {"position": {"y": 0.08702721641848832, "x": 0.3825970377186635, "z": 0.12404201981264906}, "orientation": {"y": 0.9019474997819047, "x": -0.17527770714444754, "z": -0.11285376156856433, "w": -0.3781963266812386}}, "stability_score": 1.0}