{"GRASPA_board_pose": {"position": {"y": -0.28330142762181715, "x": 0.37586706935457553, "z": 0.07672660098823014}, "orientation": {"y": -0.015410196076584864, "x": -0.000836648948499182, "z": -0.685775223898183, "w": 0.7276497565194502}}, "grasped_score": "0", "object": "power_drill", "grasp_pose": {"position": {"y": 0.1989167150326705, "x": 0.6007372196453218, "z": 0.21653436025942416}, "orientation": {"y": 0.7176391996827242, "x": 0.6670763883988498, "z": 0.06843692484192311, "w": 0.1879347185531914}}, "stability_score": 0.0}