{"GRASPA_board_pose": {"position": {"y": -0.28093926292373206, "x": 0.3626905489082266, "z": 0.07799280283952986}, "orientation": {"y": -0.02159087865913111, "x": 0.0008484748102415562, "z": -0.6972178415849754, "w": 0.7165335968569874}}, "grasped_score": "1", "object": "strawberry", "grasp_pose": {"position": {"y": -0.1127125804243242, "x": 0.557804174086221, "z": 0.08042234592698944}, "orientation": {"y": 0.8932962701152037, "x": -0.4194908145829403, "z": -0.08814324277602402, "w": -0.13520354666846882}}, "stability_score": 1.0}