{"GRASPA_board_pose": {"position": {"y": -0.2900563176384209, "x": 0.3607870130354371, "z": 0.07844509033741759}, "orientation": {"y": -0.020322454822908686, "x": 0.00019433315620927133, "z": -0.6924300859374224, "w": 0.7211986800828806}}, "grasped_score": "0", "object": "chips_can", "grasp_pose": {"position": {"y": -0.0838365278592142, "x": 0.6396384744043415, "z": 0.25485016575643893}, "orientation": {"y": 0.22594393573866586, "x": 0.6882732978968082, "z": 0.6480126916981837, "w": -0.23517813823407951}}, "stability_score": 0.0}