{"GRASPA_board_pose": {"position": {"y": -0.2746515605178614, "x": 0.3583970514790078, "z": 0.08115598734552515}, "orientation": {"y": -0.021810413849798746, "x": -0.001381732459394423, "z": -0.6968122095959243, "w": 0.7169205961758643}}, "grasped_score": "1", "object": "potted_meat_can", "grasp_pose": {"position": {"y": 0.07817691641798163, "x": 0.3711660605470157, "z": 0.1210237061909546}, "orientation": {"y": 0.9424710873250363, "x": -0.2742792143317475, "z": 0.14877767757728902, "w": 0.11993483562598192}}, "stability_score": 1.0}