{"GRASPA_board_pose": {"position": {"y": -0.2896752941297192, "x": 0.36147212187554206, "z": 0.07853820961046998}, "orientation": {"y": -0.019702759307392737, "x": -0.0006465556652814584, "z": -0.6927398765418484, "w": 0.7209180582356298}}, "grasped_score": "0", "object": "chips_can", "grasp_pose": {"position": {"y": -0.08773046177617766, "x": 0.6376015186127411, "z": 0.2253627272344148}, "orientation": {"y": 0.44010944910664096, "x": 0.5839781357848195, "z": 0.5383438291607617, "w": -0.41887842071043085}}, "stability_score": 0.0}