{"GRASPA_board_pose": {"position": {"y": -0.27944582972068316, "x": 0.36186307575863363, "z": 0.07804212682408768}, "orientation": {"y": -0.02081826596744575, "x": 0.000360373125707347, "z": -0.6960893975364771, "w": 0.7176531338819775}}, "grasped_score": "1", "object": "medium_clamp", "grasp_pose": {"position": {"y": 0.04264221665609946, "x": 0.5882468036690636, "z": 0.07508867845650397}, "orientation": {"y": 0.7512051933783523, "x": 0.6596429425936803, "z": 0.009638191351656524, "w": 0.021657585165760083}}, "stability_score": 1.0}