{"GRASPA_board_pose": {"position": {"y": -0.2776841641129934, "x": 0.36649216510677557, "z": 0.07928009677446818}, "orientation": {"y": -0.021075352808350788, "x": -0.0009205936229184666, "z": -0.6950665137435191, "w": 0.7186358768415443}}, "grasped_score": "0", "object": "tomato_soup_can", "grasp_pose": {"position": {"y": 0.18473196995333052, "x": 0.36060518529442387, "z": 0.1554918228594322}, "orientation": {"y": -0.2145335546108202, "x": 0.8456747019028784, "z": 0.2919993183009536, "w": 0.3918495254805117}}, "stability_score": 0.0}