{"GRASPA_board_pose": {"position": {"y": -0.2822952556087992, "x": 0.368480271090483, "z": 0.07870978346528607}, "orientation": {"y": -0.01704712915495617, "x": -0.0014882083418902585, "z": -0.6900675395597772, "w": 0.723542653524601}}, "grasped_score": "0", "object": "tennis_ball", "grasp_pose": {"position": {"y": -0.13818308142803154, "x": 0.3844834927750669, "z": 0.10220277302971809}, "orientation": {"y": 0.5867905606406876, "x": 0.6721967495634749, "z": -0.2651016569671363, "w": 0.3654442218623332}}, "stability_score": 0.0}