{"GRASPA_board_pose": {"position": {"y": -0.28217235624597936, "x": 0.37101990381737016, "z": 0.07837646461068587}, "orientation": {"y": -0.01530813853401374, "x": -0.002469000289819426, "z": -0.6902914307084345, "w": 0.723365264318584}}, "grasped_score": "0", "object": "tennis_ball", "grasp_pose": {"position": {"y": -0.16123961189877128, "x": 0.3976410400389502, "z": 0.09858924213813652}, "orientation": {"y": 0.9165620036291741, "x": 0.3627571819400198, "z": 0.09345922319845017, "w": 0.13995247069398645}}, "stability_score": 0.0}