{"GRASPA_board_pose": {"position": {"y": -0.2883791548064119, "x": 0.3667840944637293, "z": 0.07388520211439076}, "orientation": {"y": -0.018117729739748206, "x": 0.0018276645012872922, "z": -0.6902462880529929, "w": 0.7233453320099693}}, "grasped_score": "1", "object": "mustard_bottle", "grasp_pose": {"position": {"y": -0.23240471079838831, "x": 0.6314942026866559, "z": 0.1768137769989328}, "orientation": {"y": 0.6234463160595397, "x": -0.36223446949719107, "z": 0.3323003045436506, "w": 0.6080110095220923}}, "stability_score": 1.0}