{"GRASPA_board_pose": {"position": {"y": -0.2502968416605428, "x": 0.4662695965827616, "z": 0.07541133595346916}, "orientation": {"y": -0.010870212147134416, "x": 0.018301408890345365, "z": -0.6927923039578519, "w": 0.7208229467055529}}, "grasped_score": "1", "object": "banana", "grasp_pose": {"position": {"y": -0.016479385469594755, "x": 0.5531276330429282, "z": 0.07857460270520344}, "orientation": {"y": 0.7769978082795098, "x": 0.627880957812957, "z": -0.0011326213354658932, "w": -0.0451511452084284}}, "stability_score": 1.0}