{"GRASPA_board_pose": {"position": {"y": -0.25266154711881034, "x": 0.45591773254462614, "z": 0.0760478206354685}, "orientation": {"y": -0.01025555920330741, "x": 0.01683267996534859, "z": -0.6936064186020734, "w": 0.7200844537029087}}, "grasped_score": "1", "object": "potted_meat_can", "grasp_pose": {"position": {"y": -0.028227781757229616, "x": 0.672349105475945, "z": 0.1532866647202804}, "orientation": {"y": 0.95872475585848, "x": 0.26278118503265235, "z": 0.10859080943590654, "w": -0.0009630176464304681}}, "stability_score": 1.0}