{"GRASPA_board_pose": {"position": {"y": -0.2522871737119238, "x": 0.45588921228066026, "z": 0.07584215404930644}, "orientation": {"y": -0.011164109677257424, "x": 0.017404244105404202, "z": -0.6935438915262504, "w": 0.7201175775308212}}, "grasped_score": "0", "object": "foam_brick", "grasp_pose": {"position": {"y": 0.13430735571446598, "x": 0.5795021221155814, "z": 0.1130297529433344}, "orientation": {"y": 0.9549945383587443, "x": 0.21284035946817312, "z": -0.05123406916698486, "w": 0.2001486528633679}}, "stability_score": 0.0}