{"GRASPA_board_pose": {"position": {"y": -0.2523708545304573, "x": 0.4557859700540004, "z": 0.07633780657964229}, "orientation": {"y": -0.01115831718189735, "x": 0.01678003565570658, "z": -0.6936107046403388, "w": 0.7200681306441731}}, "grasped_score": "1", "object": "gelatin_box", "grasp_pose": {"position": {"y": 0.18781378583864694, "x": 0.6726098099357407, "z": 0.1573893663693674}, "orientation": {"y": 0.933130930890618, "x": 0.3578826660772451, "z": 0.029840950365603615, "w": 0.017209904646134432}}, "stability_score": 1.0}