{"GRASPA_board_pose": {"position": {"y": -0.25213841118579333, "x": 0.4557878480756881, "z": 0.07590837500849273}, "orientation": {"y": -0.011006322629924402, "x": 0.017104913163173818, "z": -0.6936447689171443, "w": 0.720030011431279}}, "grasped_score": "1", "object": "foam_brick", "grasp_pose": {"position": {"y": 0.14586605034473824, "x": 0.5678649027197521, "z": 0.10495823882006028}, "orientation": {"y": -0.5383169319806088, "x": 0.825068930339531, "z": 0.1616828925814386, "w": 0.05774758157590538}}, "stability_score": 1.0}