{"GRASPA_board_pose": {"position": {"y": -0.2726857297913343, "x": 0.4093698255170184, "z": 0.07790913056848836}, "orientation": {"y": -0.011214476516376413, "x": 0.010597276997453449, "z": -0.7011190144907803, "w": 0.7128773111526131}}, "grasped_score": "1", "object": "scissors", "grasp_pose": {"position": {"y": 0.13325984055726328, "x": 0.527206590176355, "z": 0.07999078628962664}, "orientation": {"y": -0.3715974066247528, "x": 0.9014806099743685, "z": -0.20723778392508532, "w": -0.07937618121211312}}, "stability_score": 1.0}