{"GRASPA_board_pose": {"position": {"y": -0.27235252574076146, "x": 0.40957914346038377, "z": 0.07772068302648538}, "orientation": {"y": -0.01189378050081601, "x": 0.010373871670274929, "z": -0.7011536022973773, "w": 0.7128355678256934}}, "grasped_score": "0", "object": "tomato_soup_can", "grasp_pose": {"position": {"y": 0.19675535664064112, "x": 0.4265439802227845, "z": 0.15148446058474885}, "orientation": {"y": 0.05974824161881955, "x": 0.9715171515882858, "z": -0.22276995067384753, "w": 0.054388609745186244}}, "stability_score": 0.0}