{"GRASPA_board_pose": {"position": {"y": -0.2728061536341926, "x": 0.40949057413117235, "z": 0.07690594384173799}, "orientation": {"y": -0.011565795456154384, "x": 0.011210600574198733, "z": -0.7010666570394802, "w": 0.7129138076918698}}, "grasped_score": "1", "object": "mustard_bottle", "grasp_pose": {"position": {"y": -0.21664332197424555, "x": 0.6685439223954621, "z": 0.18815896917677677}, "orientation": {"y": 0.7668767694247876, "x": -0.12802357131540623, "z": 0.24452306816291042, "w": 0.5794121631795863}}, "stability_score": 0.4}