{"GRASPA_board_pose": {"position": {"y": -0.27258832234592234, "x": 0.40952391404127964, "z": 0.07722026802453708}, "orientation": {"y": -0.012614229167979708, "x": 0.010554961168470382, "z": -0.7011757321553499, "w": 0.7127987560690877}}, "grasped_score": "0", "object": "scissors", "grasp_pose": {"position": {"y": 0.1100895322939883, "x": 0.5343679210984854, "z": 0.08160703283777193}, "orientation": {"y": -0.5163125745659508, "x": 0.8517302467043739, "z": -0.08777045160659214, "w": 0.016530578294809643}}, "stability_score": 0.0}