{"GRASPA_board_pose": {"position": {"y": -0.27429943374836896, "x": 0.40768051717734377, "z": 0.07587129386871683}, "orientation": {"y": -0.009818285617434681, "x": 0.012144653214777196, "z": -0.7008271655746856, "w": 0.7131601451696382}}, "grasped_score": "0", "object": "chips_can", "grasp_pose": {"position": {"y": -0.2182440685049793, "x": 0.6936219586597506, "z": 0.23798955602781136}, "orientation": {"y": 0.9483022965436666, "x": -0.12370082735882651, "z": 0.16691319700760276, "w": 0.23991841185171772}}, "stability_score": 0.0}