{"GRASPA_board_pose": {"position": {"y": -0.2710858176396722, "x": 0.4107196842120818, "z": 0.07727177742146507}, "orientation": {"y": -0.011194123165586775, "x": 0.010732225023223975, "z": -0.7016112736477351, "w": 0.7123911366959921}}, "grasped_score": "1", "object": "medium_clamp", "grasp_pose": {"position": {"y": 0.06546309904809804, "x": 0.6548140418581836, "z": 0.07739151090722018}, "orientation": {"y": 0.7577355371357465, "x": -0.6480789080532215, "z": 0.06741689261032228, "w": 0.0358545295452911}}, "stability_score": 1.0}