{"GRASPA_board_pose": {"position": {"y": -0.2727890688049556, "x": 0.40950291189887494, "z": 0.07738637995398617}, "orientation": {"y": -0.012073559930777193, "x": 0.010853499482648939, "z": -0.7009451027730911, "w": 0.7130304296437836}}, "grasped_score": "1", "object": "pear", "grasp_pose": {"position": {"y": -0.033882103560462506, "x": 0.5113171710611404, "z": 0.10777497671500791}, "orientation": {"y": -0.09865158596345422, "x": 0.9931211409914555, "z": 0.05971261589584306, "w": -0.02031421683452127}}, "stability_score": 1.0}