{"GRASPA_board_pose": {"position": {"y": -0.27244289324936855, "x": 0.40924082907662107, "z": 0.07719089896101244}, "orientation": {"y": -0.01377278032478178, "x": 0.010738413299776881, "z": -0.7013506779192524, "w": 0.7126024302401258}}, "grasped_score": "1", "object": "tennis_ball", "grasp_pose": {"position": {"y": -0.1392592061586062, "x": 0.4589490137836618, "z": 0.09449398778655949}, "orientation": {"y": -0.5108155022726949, "x": 0.8231166517051414, "z": -0.2191711824407765, "w": -0.11623464677592207}}, "stability_score": 1.0}