{"GRASPA_board_pose": {"position": {"y": -0.2729609330850199, "x": 0.4095155242468843, "z": 0.07667577730327685}, "orientation": {"y": -0.012383633469013786, "x": 0.012266452393715484, "z": -0.7009161220348815, "w": 0.7130306933361009}}, "grasped_score": "1", "object": "potted_meat_can", "grasp_pose": {"position": {"y": 0.08509176853842654, "x": 0.44007712040189817, "z": 0.1367758688338373}, "orientation": {"y": 0.3320128308102138, "x": 0.9416789098789148, "z": 0.054444090779881445, "w": -0.0066446855304747345}}, "stability_score": 1.0}