{"GRASPA_board_pose": {"position": {"y": -0.2689305910750082, "x": 0.41099205878869405, "z": 0.07834425557971236}, "orientation": {"y": -0.00789325368731356, "x": 0.00881419945412225, "z": -0.701348652917697, "w": 0.7127201929823112}}, "grasped_score": "0", "object": "strawberry", "grasp_pose": {"position": {"y": -0.1019504065084329, "x": 0.6281304518034325, "z": 0.09276007269242292}, "orientation": {"y": -0.3818828582430029, "x": 0.8917635178020352, "z": 0.1782719797327959, "w": 0.1647495436705158}}, "stability_score": 0.0}