{"GRASPA_board_pose": {"position": {"y": -0.27277232002749185, "x": 0.409742173210624, "z": 0.07678417166084545}, "orientation": {"y": -0.011188831248849397, "x": 0.011457701663300865, "z": -0.7008388378987556, "w": 0.7131398561436608}}, "grasped_score": "1", "object": "scissors", "grasp_pose": {"position": {"y": 0.10925319523754622, "x": 0.5372613931066035, "z": 0.0778598468478201}, "orientation": {"y": 0.8804111691687814, "x": 0.4729167760704486, "z": 0.02699100536414626, "w": -0.022302056932602794}}, "stability_score": 1.0}