{"GRASPA_board_pose": {"position": {"y": -0.26985983937710817, "x": 0.41175837660290837, "z": 0.0763140671576123}, "orientation": {"y": -0.012331697512797423, "x": 0.012171153910125646, "z": -0.6996719345195287, "w": 0.7142541398512501}}, "grasped_score": "1", "object": "power_drill", "grasp_pose": {"position": {"y": 0.1272140629587964, "x": 0.6699778642883988, "z": 0.2344864957024142}, "orientation": {"y": -0.6082268938966399, "x": 0.7019806775350276, "z": -0.2533690550417512, "w": -0.2703466216832742}}, "stability_score": 0.2}