{"GRASPA_board_pose": {"position": {"y": -0.27295572825668213, "x": 0.40952462107790893, "z": 0.07632067824166322}, "orientation": {"y": -0.01152884493357365, "x": 0.012700967601789515, "z": -0.700870700677898, "w": 0.7130820654649425}}, "grasped_score": "1", "object": "potted_meat_can", "grasp_pose": {"position": {"y": 0.08323936090489129, "x": 0.4329619148324987, "z": 0.1366106316986937}, "orientation": {"y": 0.31218907253638056, "x": 0.9452412413134409, "z": 0.0932654372354319, "w": -0.01893507133293584}}, "stability_score": 1.0}