{"GRASPA_board_pose": {"position": {"y": -0.2700889281512765, "x": 0.4098549663867425, "z": 0.07740278835095904}, "orientation": {"y": -0.012485819391670924, "x": 0.010863037020192406, "z": -0.7018958034091882, "w": 0.7120873400766135}}, "grasped_score": "1", "object": "medium_clamp", "grasp_pose": {"position": {"y": 0.05899757193017205, "x": 0.657204103272907, "z": 0.07738022681957901}, "orientation": {"y": -0.619367529170892, "x": 0.7835021809529584, "z": 0.038077716797990005, "w": -0.032531273171427164}}, "stability_score": 1.0}