{"GRASPA_board_pose": {"position": {"y": -0.2727803756979111, "x": 0.40935366267923046, "z": 0.07661768907603117}, "orientation": {"y": -0.013384239480431668, "x": 0.011797133237404167, "z": -0.7010950173419813, "w": 0.7128446299434094}}, "grasped_score": "1", "object": "tennis_ball", "grasp_pose": {"position": {"y": -0.12664477399770957, "x": 0.46227222824709807, "z": 0.0940329824076872}, "orientation": {"y": -0.6025203237288754, "x": 0.7762019546259652, "z": -0.17265388502520537, "w": -0.06834047932364325}}, "stability_score": 1.0}