{"GRASPA_board_pose": {"position": {"y": -0.27268421044195257, "x": 0.40945531326041024, "z": 0.07735828410879436}, "orientation": {"y": -0.010067795882798526, "x": 0.010406732067984112, "z": -0.7011835241692461, "w": 0.7128337848666573}}, "grasped_score": "1", "object": "tennis_ball", "grasp_pose": {"position": {"y": -0.13782126548968288, "x": 0.46191211503293106, "z": 0.09280451433591419}, "orientation": {"y": -0.6336519360160984, "x": 0.7635142532158096, "z": -0.12442059578054859, "w": 0.007122110991031198}}, "stability_score": 1.0}