{"GRASPA_board_pose": {"position": {"y": -0.26899011509631215, "x": 0.4106059512883252, "z": 0.07666969790471595}, "orientation": {"y": -0.011910648372646963, "x": 0.011388375202486803, "z": -0.70135117273173, "w": 0.7126254092252238}}, "grasped_score": "1", "object": "power_drill", "grasp_pose": {"position": {"y": 0.16300029744873243, "x": 0.661354078528511, "z": 0.23706436096377093}, "orientation": {"y": 0.6944407076787813, "x": 0.7154956074630001, "z": -0.07133806116268689, "w": -0.02700037498433805}}, "stability_score": 1.0}