{"GRASPA_board_pose": {"position": {"y": -0.2729480389641063, "x": 0.40947454376365355, "z": 0.07671872818805414}, "orientation": {"y": -0.012129678915557465, "x": 0.012071774863657752, "z": -0.7010702450246062, "w": 0.7128868456369392}}, "grasped_score": "1", "object": "potted_meat_can", "grasp_pose": {"position": {"y": 0.08368277355584423, "x": 0.4442543011603951, "z": 0.1343755568495547}, "orientation": {"y": 0.3031843486973912, "x": 0.950466306989055, "z": 0.06832760431545565, "w": -0.0049384685922350844}}, "stability_score": 1.0}