{"GRASPA_board_pose": {"position": {"y": -0.26992279485681026, "x": 0.4102063146270371, "z": 0.07704174264504321}, "orientation": {"y": -0.012626477260390123, "x": 0.010820559235953663, "z": -0.7020971003182588, "w": 0.7118870340823091}}, "grasped_score": "1", "object": "strawberry", "grasp_pose": {"position": {"y": -0.11059158403600028, "x": 0.6186758324960083, "z": 0.08843159744628781}, "orientation": {"y": 0.9737791468783495, "x": 0.14137142547692175, "z": 0.05949150505561379, "w": 0.16801504096275113}}, "stability_score": 1.0}