{"GRASPA_board_pose": {"position": {"y": -0.26885343598481226, "x": 0.4106814064961212, "z": 0.07729724420675188}, "orientation": {"y": -0.011749880855723793, "x": 0.01054613844418556, "z": -0.7015611705141225, "w": 0.7124343080527822}}, "grasped_score": "0", "object": "strawberry", "grasp_pose": {"position": {"y": -0.049123851635973076, "x": 0.610234130419445, "z": 0.07921655679275041}, "orientation": {"y": 0.7407508631543335, "x": 0.6695133862823349, "z": -0.006216368042271041, "w": 0.05478449683290094}}, "stability_score": 0.0}