{"GRASPA_board_pose": {"position": {"y": -0.273000988924098, "x": 0.40934286922133667, "z": 0.07644445015173451}, "orientation": {"y": -0.01223992482235246, "x": 0.01254444727005965, "z": -0.7010424230554977, "w": 0.7129041605710466}}, "grasped_score": "1", "object": "potted_meat_can", "grasp_pose": {"position": {"y": 0.07305226180751723, "x": 0.42629523688878446, "z": 0.13305545247510253}, "orientation": {"y": 0.9160049118915732, "x": -0.3898997723405073, "z": -0.08857585957394944, "w": -0.03267240456513531}}, "stability_score": 1.0}