{"GRASPA_board_pose": {"position": {"y": -0.2688061264752887, "x": 0.4107119487531748, "z": 0.0785476278502209}, "orientation": {"y": -0.012022506777923856, "x": 0.008969334801931848, "z": -0.7013884054000756, "w": 0.7126214388680184}}, "grasped_score": "0", "object": "power_drill", "grasp_pose": {"position": {"y": 0.13286482408955028, "x": 0.660502730366891, "z": 0.2392999994646453}, "orientation": {"y": -0.6295147127312429, "x": 0.7457670035303572, "z": -0.20877866560151975, "w": -0.0628830000071684}}, "stability_score": 0.0}