{"GRASPA_board_pose": {"position": {"y": -0.27240369891591787, "x": 0.40981626692570344, "z": 0.07648390747435041}, "orientation": {"y": -0.010410638575088966, "x": 0.01112559451093829, "z": -0.7009620060838813, "w": 0.7130358376534084}}, "grasped_score": "0", "object": "medium_clamp", "grasp_pose": {"position": {"y": 0.06691723733651314, "x": 0.6432942055187286, "z": 0.08921447001270744}, "orientation": {"y": -0.5662670374098943, "x": 0.7678317451472201, "z": -0.19355897355536336, "w": -0.22871593132834028}}, "stability_score": 0.0}