{"GRASPA_board_pose": {"position": {"y": -0.2722333047600289, "x": 0.4097459853058973, "z": 0.07799305164620818}, "orientation": {"y": -0.011072496698775004, "x": 0.009197726790625808, "z": -0.701062443940367, "w": 0.712954592758263}}, "grasped_score": "0", "object": "tomato_soup_can", "grasp_pose": {"position": {"y": 0.20030929233397532, "x": 0.4234370747396201, "z": 0.14973423373136796}, "orientation": {"y": 0.21803613678009565, "x": 0.9747317365919875, "z": -0.047260162771667134, "w": 0.0111696800838349}}, "stability_score": 0.0}