{"GRASPA_board_pose": {"position": {"y": -0.26897519366330747, "x": 0.4108905730159895, "z": 0.0773732337573732}, "orientation": {"y": -0.010498532904023083, "x": 0.010348682698268675, "z": -0.7014788723824154, "w": 0.7125377724544637}}, "grasped_score": "0", "object": "strawberry", "grasp_pose": {"position": {"y": -0.08015552908623325, "x": 0.6198257716540558, "z": 0.08745939620796617}, "orientation": {"y": -0.5316582079353853, "x": 0.8463754474241225, "z": 0.0005225023333059807, "w": -0.03143054125947082}}, "stability_score": 0.0}