{"GRASPA_board_pose": {"position": {"y": -0.25621972830318585, "x": 0.4656771790680761, "z": 0.07370262184164295}, "orientation": {"y": -0.012532838137306431, "x": 0.020778882871730932, "z": -0.7055559287828563, "w": 0.7082386584719785}}, "grasped_score": "1", "object": "medium_clamp", "grasp_pose": {"position": {"y": 0.0639582107773837, "x": 0.7039653928076104, "z": 0.08356784895399982}, "orientation": {"y": 0.6670173413207203, "x": 0.6952418268704895, "z": 0.17016983479436093, "w": -0.20680642125737328}}, "stability_score": 1.0}