{"GRASPA_board_pose": {"position": {"y": -0.25390343938443, "x": 0.4658224488152322, "z": 0.07494996333285991}, "orientation": {"y": -0.010552024493113349, "x": 0.019147904730548088, "z": -0.6907254943411081, "w": 0.7227864857554812}}, "grasped_score": "1", "object": "scissors", "grasp_pose": {"position": {"y": 0.12953137485747915, "x": 0.5844608122385789, "z": 0.08344066795300575}, "orientation": {"y": -0.5111343610177344, "x": 0.857162192918878, "z": 0.0629158991678825, "w": 0.0074986431698669895}}, "stability_score": 1.0}