{"GRASPA_board_pose": {"position": {"y": -0.2825836167056619, "x": 0.47481501181463476, "z": 0.07427306006002715}, "orientation": {"y": -0.012724927151573164, "x": 0.019748953673800494, "z": -0.6896181625471866, "w": 0.7237919901068395}}, "grasped_score": "0", "object": "chips_can", "grasp_pose": {"position": {"y": -0.019942820452481653, "x": 0.7374455629462666, "z": 0.3053128746447428}, "orientation": {"y": 0.47556773686217124, "x": 0.6058392434880314, "z": 0.46207736308293834, "w": -0.4396346770125862}}, "stability_score": 0.0}