{"GRASPA_board_pose": {"position": {"y": -0.28243093794608964, "x": 0.47537515068567726, "z": 0.07055372183447972}, "orientation": {"y": -0.020652290642846304, "x": 0.02332803669080272, "z": -0.6895833037350986, "w": 0.7235358683611635}}, "grasped_score": "1", "object": "mustard_bottle", "grasp_pose": {"position": {"y": 0.1141156654600115, "x": 0.6097512699526805, "z": 0.1954972774652486}, "orientation": {"y": 0.5063439957670377, "x": 0.4372896026698866, "z": -0.5040904471573487, "w": 0.5461560055809943}}, "stability_score": 0.0}