{"GRASPA_board_pose": {"position": {"y": -0.2823235794160006, "x": 0.4749215047834866, "z": 0.07536223054048063}, "orientation": {"y": -0.01507820117942846, "x": 0.019267498723151824, "z": -0.6896716658442147, "w": 0.723708784438749}}, "grasped_score": "0", "object": "potted_meat_can", "grasp_pose": {"position": {"y": -0.17743945086975524, "x": 0.5215003475622587, "z": 0.13843687576078756}, "orientation": {"y": 0.960358737197089, "x": 0.16848990335735672, "z": 0.20888094317532702, "w": 0.07543871641290832}}, "stability_score": 0.0}