{"GRASPA_board_pose": {"position": {"y": -0.2817359803470587, "x": 0.4795574074461764, "z": 0.07530664190200304}, "orientation": {"y": -0.013239823533704908, "x": 0.018805688874095314, "z": -0.688100135034864, "w": 0.7252511684263383}}, "grasped_score": "0", "object": "hammer", "grasp_pose": {"position": {"y": 0.05914931457081064, "x": 0.4970062761281389, "z": 0.07324819551118777}, "orientation": {"y": 0.7463541256383618, "x": -0.6653061316799005, "z": 0.015859108076620495, "w": -0.00847106739065916}}, "stability_score": 0.0}