{"GRASPA_board_pose": {"position": {"y": -0.2829371278845932, "x": 0.47559334821273025, "z": 0.07591161450017953}, "orientation": {"y": -0.012510122022661102, "x": 0.017731903835244055, "z": -0.6892806125413512, "w": 0.724169395658209}}, "grasped_score": "1", "object": "cracker_box", "grasp_pose": {"position": {"y": -0.07986960888183856, "x": 0.6430507645841176, "z": 0.22613095031042002}, "orientation": {"y": 0.9134028293599649, "x": 0.39275717582087577, "z": 0.09973051066654569, "w": -0.038612140585713155}}, "stability_score": 1.0}