{"GRASPA_board_pose": {"position": {"y": -0.2506234521599108, "x": 0.46544631004173, "z": 0.07530373460199546}, "orientation": {"y": -0.010605283742104956, "x": 0.017828251101768514, "z": -0.6925943293987293, "w": 0.7210289705026602}}, "grasped_score": "1", "object": "banana", "grasp_pose": {"position": {"y": -0.01167979291777791, "x": 0.5516854240669773, "z": 0.08481014210210247}, "orientation": {"y": 0.791127393099316, "x": 0.6078183449731676, "z": -0.06564874106787212, "w": -0.019093197693499202}}, "stability_score": 1.0}