{"GRASPA_board_pose": {"position": {"y": -0.2523899263112252, "x": 0.45569234483353627, "z": 0.07533720660874899}, "orientation": {"y": -0.010944597108491627, "x": 0.017903587289113242, "z": -0.6937275644861928, "w": 0.7199317631750726}}, "grasped_score": "0", "object": "mustard_bottle", "grasp_pose": {"position": {"y": -0.1568184224511541, "x": 0.6209669123004979, "z": 0.22708564678945892}, "orientation": {"y": 0.995300138922453, "x": 0.022166112779704383, "z": 0.04348681792553104, "w": 0.0836372738191238}}, "stability_score": 0.0}