{"GRASPA_board_pose": {"position": {"y": -0.2519966784270383, "x": 0.45591294668344173, "z": 0.07603885002251981}, "orientation": {"y": -0.010842648541684851, "x": 0.016783862131135415, "z": -0.6934974288244055, "w": 0.7201819597563542}}, "grasped_score": "1", "object": "foam_brick", "grasp_pose": {"position": {"y": 0.1344465984563832, "x": 0.5730501159604615, "z": 0.10944256120555351}, "orientation": {"y": 0.9836313217454596, "x": 0.17066973877348687, "z": -0.016950202396819925, "w": 0.05526258939804411}}, "stability_score": 1.0}