{"GRASPA_board_pose": {"position": {"y": -0.2521722180856883, "x": 0.45576377098508475, "z": 0.07615307510904917}, "orientation": {"y": -0.011125893130543619, "x": 0.016576490231973922, "z": -0.6936537048170301, "w": 0.7200319244778287}}, "grasped_score": "1", "object": "foam_brick", "grasp_pose": {"position": {"y": 0.1365388679228524, "x": 0.5718258941540588, "z": 0.11599017390880884}, "orientation": {"y": 0.9637951385037153, "x": 0.21051628198445996, "z": 0.002474897586834788, "w": 0.16363282341259697}}, "stability_score": 1.0}