{"GRASPA_board_pose": {"position": {"y": -0.286911804854931, "x": 0.20751514863196147, "z": 0.26570846336050147}, "orientation": {"y": 0.04210531367087584, "x": -0.1402276650050316, "z": -0.7636098446684217, "w": 0.6288587676524697}}, "grasped_score": "1", "object": "chips_can", "grasp_pose": {"position": {"y": -0.022897988534681002, "x": 0.6699070206241657, "z": 0.2346831280267805}, "orientation": {"y": 0.4434215666028438, "x": 0.5988346392398499, "z": 0.5410396957823366, "w": -0.3899364521376723}}, "stability_score": 1.0}