{"GRASPA_board_pose": {"position": {"y": -0.29029190208501654, "x": 0.2082380354337152, "z": 0.2603552788988083}, "orientation": {"y": 0.041280858926249775, "x": -0.1299805259516327, "z": -0.7600773265219187, "w": 0.6353608512230987}}, "grasped_score": "0", "object": "mustard_bottle", "grasp_pose": {"position": {"y": 0.09154158335379048, "x": 0.5003047233078066, "z": 0.2132183622076565}, "orientation": {"y": -0.38382984654656815, "x": 0.9181179260366423, "z": -0.06921393498918621, "w": -0.07031041170072272}}, "stability_score": 0.0}