{"GRASPA_board_pose": {"position": {"y": -0.2657710098868143, "x": 0.3715119497450201, "z": 0.07969451480782819}, "orientation": {"y": -0.02109598237701072, "x": -0.0004637172586538648, "z": -0.6965171018414643, "w": 0.7172298594845451}}, "grasped_score": "1", "object": "tennis_ball", "grasp_pose": {"position": {"y": -0.19678413987389182, "x": 0.520959021103523, "z": 0.10281011246374544}, "orientation": {"y": -0.4350420463168671, "x": 0.8628967865955063, "z": 0.23917396663022616, "w": -0.09456937826773423}}, "stability_score": 1.0}