{"GRASPA_board_pose": {"position": {"y": -0.2906549082598447, "x": 0.20951729168734617, "z": 0.25974014766607323}, "orientation": {"y": 0.042023021160686305, "x": -0.12960037421373236, "z": -0.759472585647208, "w": 0.6361125689267061}}, "grasped_score": "0", "object": "mustard_bottle", "grasp_pose": {"position": {"y": 0.12175456020501618, "x": 0.49929746120755397, "z": 0.2434011533741662}, "orientation": {"y": -0.6485921388170289, "x": -0.37558616667879074, "z": -0.3701549234989607, "w": 0.548861185978533}}, "stability_score": 0.0}