{"GRASPA_board_pose": {"position": {"y": -0.2635343314693607, "x": 0.36591773251713794, "z": 0.08041114384290104}, "orientation": {"y": -0.024426483597668507, "x": 4.620249166603607e-05, "z": -0.6963343434409305, "w": 0.7173017683716324}}, "grasped_score": "1", "object": "potted_meat_can", "grasp_pose": {"position": {"y": -0.1560835868999787, "x": 0.39900834599300516, "z": 0.1259558621132325}, "orientation": {"y": 0.8996797694091344, "x": 0.3977833955031001, "z": 0.14585258973025636, "w": 0.10522216898984849}}, "stability_score": 1.0}