{"GRASPA_board_pose": {"position": {"y": -0.26416450403467207, "x": 0.3712713862209454, "z": 0.07993833840989345}, "orientation": {"y": -0.02060545897927484, "x": -0.0011634335122348706, "z": -0.6928636087410054, "w": 0.7207732522542073}}, "grasped_score": "0", "object": "potted_meat_can", "grasp_pose": {"position": {"y": -0.15798275061396372, "x": 0.38539687418533053, "z": 0.15580193551467358}, "orientation": {"y": -0.34844349810611036, "x": 0.8350292819344872, "z": -0.06781684200502104, "w": 0.4203737656895558}}, "stability_score": 0.0}