{"GRASPA_board_pose": {"position": {"y": -0.2820542148397817, "x": 0.3663103218233704, "z": 0.08131168781736492}, "orientation": {"y": -0.018497342722197052, "x": -0.0009222724676456305, "z": -0.7056998123710506, "w": 0.7082688561169246}}, "grasped_score": "0", "object": "mustard_bottle", "grasp_pose": {"position": {"y": 0.10533251129553073, "x": 0.49919494477422593, "z": 0.20187558699021446}, "orientation": {"y": -0.43360210021916473, "x": 0.8829073793781471, "z": 0.05712688013846482, "w": 0.17088094595591274}}, "stability_score": 0.0}