{"GRASPA_board_pose": {"position": {"y": -0.2908020087757107, "x": 0.20892195904475241, "z": 0.26039412315571986}, "orientation": {"y": 0.04175344054977077, "x": -0.13006013822910353, "z": -0.7596455748217934, "w": 0.6358298603398166}}, "grasped_score": "0", "object": "mustard_bottle", "grasp_pose": {"position": {"y": 0.09545351764047916, "x": 0.49481316932497466, "z": 0.22261799698244136}, "orientation": {"y": -0.346620711355683, "x": 0.9375212100728478, "z": -0.02406409683234474, "w": 0.01813787105663086}}, "stability_score": 0.0}