{"GRASPA_board_pose": {"position": {"y": -0.29706264311965286, "x": 0.23816592841626863, "z": 0.2985861976595441}, "orientation": {"y": 0.08139533962220846, "x": -0.2115651232991484, "z": -0.7254607215314479, "w": 0.6498628615379347}}, "grasped_score": "1", "object": "cracker_box", "grasp_pose": {"position": {"y": -0.04512084033519781, "x": 0.5048467932585401, "z": 0.21290867958065696}, "orientation": {"y": -0.39947396830377097, "x": 0.9132255939002365, "z": -0.05440457133980788, "w": 0.058989032120638905}}, "stability_score": 1.0}