{"GRASPA_board_pose": {"position": {"y": -0.27140715793520126, "x": 0.3509574996320436, "z": 0.08061372041190196}, "orientation": {"y": -0.024029104887033376, "x": -0.0003713228062685518, "z": -0.6932753134165491, "w": 0.7202720347513758}}, "grasped_score": "1", "object": "mustard_bottle", "grasp_pose": {"position": {"y": -0.1854672947318134, "x": 0.5074538515372241, "z": 0.21428398734356613}, "orientation": {"y": 0.6842343255324459, "x": -0.24014252613775644, "z": 0.2052249625599787, "w": 0.6572957246518425}}, "stability_score": 1.0}