{"GRASPA_board_pose": {"position": {"y": -0.2635513228560737, "x": 0.3732257944005288, "z": 0.08003415620942661}, "orientation": {"y": -0.02366711509870733, "x": -0.0002880847799190128, "z": -0.6901386572054901, "w": 0.7232899961292614}}, "grasped_score": "1", "object": "banana", "grasp_pose": {"position": {"y": -0.08992818878817854, "x": 0.48335517937601, "z": 0.08068782243426692}, "orientation": {"y": 0.941281594871352, "x": 0.30654817574807197, "z": 0.005746382899581367, "w": -0.1413653217219304}}, "stability_score": 1.0}