{"GRASPA_board_pose": {"position": {"y": -0.26385831557058825, "x": 0.3730147657151325, "z": 0.07975860773463478}, "orientation": {"y": -0.023858378063605554, "x": 0.00012257293591932538, "z": -0.6904579204212192, "w": 0.7229789920182016}}, "grasped_score": "1", "object": "foam_brick", "grasp_pose": {"position": {"y": 0.13142310282556102, "x": 0.4892180417684551, "z": 0.08416026945627991}, "orientation": {"y": 0.9803591977164016, "x": 0.19387282226829258, "z": 0.034381552178693806, "w": -0.011273025696944943}}, "stability_score": 1.0}