{"GRASPA_board_pose": {"position": {"y": -0.2728270992165238, "x": 0.3991299940216777, "z": 0.0805424736827216}, "orientation": {"y": -0.016299842177800828, "x": 0.008559843739209247, "z": -0.704279102880045, "w": 0.7096844294942777}}, "grasped_score": "1", "object": "banana", "grasp_pose": {"position": {"y": -0.0931239654380051, "x": 0.5134389386592568, "z": 0.07989461053643576}, "orientation": {"y": 0.8752732616679813, "x": 0.4512182201043912, "z": 0.040763614325608655, "w": -0.16922518430195987}}, "stability_score": 1.0}