{"GRASPA_board_pose": {"position": {"y": -0.2730164549607668, "x": 0.3991436847196702, "z": 0.0803644186382334}, "orientation": {"y": -0.01561009576223183, "x": 0.008550782175559641, "z": -0.7041576366444583, "w": 0.7098205630930756}}, "grasped_score": "1", "object": "banana", "grasp_pose": {"position": {"y": -0.017247178428566854, "x": 0.5035691076395552, "z": 0.0826305534660201}, "orientation": {"y": 0.7618532869386926, "x": 0.643093613647429, "z": 0.07419430049808552, "w": 0.02248063700612579}}, "stability_score": 1.0}