{"GRASPA_board_pose": {"position": {"y": -0.2731886408043519, "x": 0.39995565435900615, "z": 0.08018582237700433}, "orientation": {"y": -0.015517270323472125, "x": 0.00871677772358757, "z": -0.7041692134639089, "w": 0.7098090946990221}}, "grasped_score": "1", "object": "potted_meat_can", "grasp_pose": {"position": {"y": -0.03700498474608017, "x": 0.6057634707965351, "z": 0.1385364613773703}, "orientation": {"y": 0.9411597099166236, "x": 0.32118148717192063, "z": 0.09664538465373756, "w": 0.041479179751067186}}, "stability_score": 1.0}