{"GRASPA_board_pose": {"position": {"y": -0.2726279870905186, "x": 0.399783057111045, "z": 0.08061196496300654}, "orientation": {"y": -0.016517281094212216, "x": 0.0079678951605614, "z": -0.7043239342123883, "w": 0.7096418024380673}}, "grasped_score": "1", "object": "banana", "grasp_pose": {"position": {"y": -0.10431294967253589, "x": 0.5220049392155433, "z": 0.07847806966196358}, "orientation": {"y": -0.5892940008094919, "x": 0.804986141455067, "z": -0.0526222703143822, "w": -0.04428080105627698}}, "stability_score": 1.0}