{"GRASPA_board_pose": {"position": {"y": -0.2729480052016291, "x": 0.40014347998412486, "z": 0.07991818618716606}, "orientation": {"y": -0.015758488681597193, "x": 0.008913920275170411, "z": -0.7039824034275356, "w": 0.7099866109471292}}, "grasped_score": "0", "object": "gelatin_box", "grasp_pose": {"position": {"y": 0.16870882344235083, "x": 0.6346730004424123, "z": 0.15195917978005058}, "orientation": {"y": 0.822925276752382, "x": 0.3910457106661486, "z": -0.09932369840139949, "w": 0.40001505470105736}}, "stability_score": 0.0}