{"GRASPA_board_pose": {"position": {"y": -0.2731587751927134, "x": 0.3998940301207778, "z": 0.0799817180048184}, "orientation": {"y": -0.016392306077339224, "x": 0.009025369989042216, "z": -0.7042526372208147, "w": 0.7097027955176414}}, "grasped_score": "1", "object": "potted_meat_can", "grasp_pose": {"position": {"y": -0.041279872790277714, "x": 0.6057144153905898, "z": 0.14696242665333947}, "orientation": {"y": 0.9342375182047488, "x": 0.3533508474746851, "z": 0.04669578212532635, "w": 0.012764877565309514}}, "stability_score": 1.0}