{"GRASPA_board_pose": {"position": {"y": -0.2727665070389505, "x": 0.3998353765969941, "z": 0.0803910215312853}, "orientation": {"y": -0.015680916852487257, "x": 0.008399388884938288, "z": -0.7044341424647848, "w": 0.709546403023036}}, "grasped_score": "0", "object": "mustard_bottle", "grasp_pose": {"position": {"y": -0.1905733263732108, "x": 0.5603340417470317, "z": 0.2270042275246128}, "orientation": {"y": 0.9776773685065274, "x": -0.1958819725459481, "z": 0.0759323552633092, "w": -0.003390186694946825}}, "stability_score": 0.0}