{"GRASPA_board_pose": {"position": {"y": -0.27299450784302864, "x": 0.3998000697952421, "z": 0.07955203609999334}, "orientation": {"y": -0.01623853265428365, "x": 0.009663943286819401, "z": -0.7042964586212483, "w": 0.7096544346588368}}, "grasped_score": "1", "object": "potted_meat_can", "grasp_pose": {"position": {"y": -0.05196625457059246, "x": 0.6140981376339069, "z": 0.15378851562778106}, "orientation": {"y": 0.9350410970480777, "x": 0.3427806158870036, "z": 0.0755920562525184, "w": 0.04985415965363688}}, "stability_score": 1.0}