{"GRASPA_board_pose": {"position": {"y": -0.272985403028498, "x": 0.4000856355517939, "z": 0.08015790827127961}, "orientation": {"y": -0.015640338154686267, "x": 0.008397857505910199, "z": -0.7041765479976323, "w": 0.7098029621393924}}, "grasped_score": "1", "object": "foam_brick", "grasp_pose": {"position": {"y": 0.1219574385523868, "x": 0.5268401060595784, "z": 0.1017304134799012}, "orientation": {"y": 0.9555061346763629, "x": 0.21874641783910745, "z": 0.031515983479425747, "w": 0.19535806628782837}}, "stability_score": 1.0}