{"GRASPA_board_pose": {"position": {"y": -0.2726753243297065, "x": 0.4000705301943791, "z": 0.07993830408594921}, "orientation": {"y": -0.016518570912524167, "x": 0.008754742722651284, "z": -0.7042075374749144, "w": 0.70974800842157}}, "grasped_score": "0", "object": "foam_brick", "grasp_pose": {"position": {"y": 0.11366736218458726, "x": 0.5329322334679562, "z": 0.10828004013157866}, "orientation": {"y": 0.9451653990769494, "x": 0.21807114215441176, "z": 0.025304627157224834, "w": 0.24179954754220515}}, "stability_score": 0.0}