{"GRASPA_board_pose": {"position": {"y": -0.27252464348297567, "x": 0.3999658782654814, "z": 0.08036821605934169}, "orientation": {"y": -0.01578937527480555, "x": 0.008773634341873301, "z": -0.7038907531965977, "w": 0.7100785354685725}}, "grasped_score": "1", "object": "gelatin_box", "grasp_pose": {"position": {"y": 0.15104088618647357, "x": 0.6448148393127431, "z": 0.15400911275354878}, "orientation": {"y": 0.888689850484256, "x": 0.42614912122568555, "z": 0.05081999032958813, "w": 0.16138340902257367}}, "stability_score": 1.0}