{"GRASPA_board_pose": {"position": {"y": -0.2831369091328602, "x": 0.4752319178933465, "z": 0.07572140566010072}, "orientation": {"y": -0.011757480732074884, "x": 0.018812598699260056, "z": -0.6890966541699841, "w": 0.7243297929733035}}, "grasped_score": "1", "object": "mustard_bottle", "grasp_pose": {"position": {"y": 0.11903493932136637, "x": 0.6065003583028569, "z": 0.20715495359947833}, "orientation": {"y": -0.47288928561599614, "x": 0.596159195463129, "z": 0.5096624569639925, "w": 0.401514778278177}}, "stability_score": 1.0}