{"GRASPA_board_pose": {"position": {"y": -0.28286794462707693, "x": 0.4753947943452221, "z": 0.07525214920382417}, "orientation": {"y": -0.01262132494164188, "x": 0.018555787828362005, "z": -0.6893923913184153, "w": 0.7240404102583387}}, "grasped_score": "1", "object": "cracker_box", "grasp_pose": {"position": {"y": -0.06776244150273275, "x": 0.6279169088634666, "z": 0.2290967676625817}, "orientation": {"y": 0.8923755909754701, "x": 0.45090614082372665, "z": 0.018362648343555735, "w": -0.0035028480476526026}}, "stability_score": 1.0}