{"GRASPA_board_pose": {"position": {"y": -0.28187047932242326, "x": 0.47607382068038706, "z": 0.07455136337201113}, "orientation": {"y": -0.013720518912499006, "x": 0.019872061639252665, "z": -0.6894740420559476, "w": 0.7239077246845835}}, "grasped_score": "0", "object": "hammer", "grasp_pose": {"position": {"y": -0.029122167425892197, "x": 0.4823779043332107, "z": 0.07578250192410219}, "orientation": {"y": -0.7037880710027231, "x": 0.7076877746736753, "z": -0.03501899026796189, "w": -0.0513228507811041}}, "stability_score": 0.0}