{"GRASPA_board_pose": {"position": {"y": -0.2827740106396103, "x": 0.47540883230772824, "z": 0.07693433165217362}, "orientation": {"y": -0.01229604005983001, "x": 0.01628450293592521, "z": -0.6895352316179452, "w": 0.7239646308491621}}, "grasped_score": "1", "object": "banana", "grasp_pose": {"position": {"y": 0.22978005158068648, "x": 0.7379626121475058, "z": 0.09079694997058352}, "orientation": {"y": 0.9987742159770694, "x": 0.025958923535535285, "z": 0.02284246419028164, "w": 0.035417814980347254}}, "stability_score": 1.0}