{"GRASPA_board_pose": {"position": {"y": -0.28233073575805945, "x": 0.4752857427827742, "z": 0.07522290987417735}, "orientation": {"y": -0.013730952316147176, "x": 0.01837028220980826, "z": -0.6896775103664715, "w": 0.7237533594911525}}, "grasped_score": "1", "object": "potted_meat_can", "grasp_pose": {"position": {"y": -0.18238947445534626, "x": 0.5188197931729482, "z": 0.13284952416512485}, "orientation": {"y": 0.963442828089199, "x": 0.26666340074983524, "z": 0.025508593730114916, "w": -0.004226032410101648}}, "stability_score": 1.0}