{"GRASPA_board_pose": {"position": {"y": -0.2535864730840147, "x": 0.4062550562526255, "z": 0.005107847680153987}, "orientation": {"y": -0.005625081093135613, "x": 0.00895247477519257, "z": -0.7024536474290289, "w": 0.7116509571916197}}, "grasped_score": "1", "object": "banana", "grasp_pose": {"position": {"y": 0.24995569219061264, "x": 0.6313730726923029, "z": 0.03679974876131542}, "orientation": {"y": -0.1316723613800135, "x": 0.991088332026177, "z": 0.010743808969478272, "w": -0.017055144062975803}}, "stability_score": 1.0}