{"GRASPA_board_pose": {"position": {"y": -0.25461317514476905, "x": 0.4097030817205854, "z": 0.00490251367173955}, "orientation": {"y": -0.0059595425575740164, "x": 0.011267190867454934, "z": -0.6995903923169955, "w": 0.7144304145542889}}, "grasped_score": "0", "object": "mustard_bottle", "grasp_pose": {"position": {"y": 0.1439440722205519, "x": 0.5466919900335824, "z": 0.19266918508212116}, "orientation": {"y": 0.9971744967303753, "x": -0.07243125277877384, "z": 0.015390858560931787, "w": 0.012643502844442005}}, "stability_score": 0.0}