{"GRASPA_board_pose": {"position": {"y": -0.25384841736700164, "x": 0.4061125738685771, "z": 0.005287911813331381}, "orientation": {"y": -0.005250341664619372, "x": 0.009388944772454985, "z": -0.7025704887585088, "w": 0.7115328453094029}}, "grasped_score": "0", "object": "potted_meat_can", "grasp_pose": {"position": {"y": -0.1788114239674351, "x": 0.4702919710764576, "z": 0.08261113111056084}, "orientation": {"y": -0.49793703106365395, "x": 0.866971546061727, "z": 0.002678094278898584, "w": -0.020294807855367296}}, "stability_score": 0.0}