{"GRASPA_board_pose": {"position": {"y": -0.2538090003858951, "x": 0.40609867261015525, "z": 0.0065078150677617685}, "orientation": {"y": -0.004849117264563748, "x": 0.007953950331120275, "z": -0.7025718595414477, "w": 0.7115518272876238}}, "grasped_score": "1", "object": "potted_meat_can", "grasp_pose": {"position": {"y": -0.1750889851657636, "x": 0.47131253664300277, "z": 0.08380119169917533}, "orientation": {"y": -0.301905344283125, "x": 0.9531183345273738, "z": 0.0069028511998172745, "w": -0.019260169427230724}}, "stability_score": 1.0}