{"GRASPA_board_pose": {"position": {"y": -0.2532303353062078, "x": 0.4056429664777504, "z": 0.005357030994917467}, "orientation": {"y": -0.005944904463288054, "x": 0.009704868909318076, "z": -0.703377194178095, "w": 0.7107256829048224}}, "grasped_score": "0", "object": "tennis_ball", "grasp_pose": {"position": {"y": -0.20805129132044525, "x": 0.558306290920178, "z": 0.05655370707720975}, "orientation": {"y": 0.28534943946854496, "x": 0.9582068637432709, "z": 0.016438560340122726, "w": -0.012044808185108453}}, "stability_score": 0.0}