{"GRASPA_board_pose": {"position": {"y": -0.273754649864847, "x": 0.3923366251252459, "z": 0.003445647636842686}, "orientation": {"y": -0.009819514888294608, "x": 0.0033790738857807988, "z": -0.699251703485773, "w": 0.7148001218237707}}, "grasped_score": "0", "object": "hammer", "grasp_pose": {"position": {"y": 0.21913312205850724, "x": 0.4271516112397944, "z": 0.030214410822534288}, "orientation": {"y": 0.7806122082458435, "x": -0.6246797566180914, "z": 0.0048977307700413895, "w": 0.019894578216540698}}, "stability_score": 0.0}