{"GRASPA_board_pose": {"position": {"y": -0.25391894216960514, "x": 0.40607917264856364, "z": 0.005619846813259222}, "orientation": {"y": -0.005246236246731622, "x": 0.009250794153526832, "z": -0.7025063558418079, "w": 0.7115980043638652}}, "grasped_score": "1", "object": "potted_meat_can", "grasp_pose": {"position": {"y": -0.16284635713648815, "x": 0.46699623670894763, "z": 0.0890341500780788}, "orientation": {"y": -0.2333259462420179, "x": 0.9721830764384799, "z": 0.00826110433360512, "w": -0.018730265670003934}}, "stability_score": 1.0}