{"GRASPA_board_pose": {"position": {"y": -0.2541024521311338, "x": 0.4093911669841179, "z": 0.004336328797074129}, "orientation": {"y": -0.007355101455686597, "x": 0.011756731035702288, "z": -0.7001634917018005, "w": 0.7138478595932566}}, "grasped_score": "1", "object": "mustard_bottle", "grasp_pose": {"position": {"y": 0.14466684497039703, "x": 0.5576677182953585, "z": 0.18722314740866275}, "orientation": {"y": 0.6141575506029957, "x": 0.7889186332155684, "z": 0.019767467723879485, "w": -0.005209647050722065}}, "stability_score": 1.0}