{"GRASPA_board_pose": {"position": {"y": -0.25447868067928586, "x": 0.40947754358114713, "z": 0.006298883493192686}, "orientation": {"y": -0.006129034228210034, "x": 0.009320750795683471, "z": -0.6996363296394028, "w": 0.7144120413268095}}, "grasped_score": "1", "object": "mustard_bottle", "grasp_pose": {"position": {"y": 0.14591496510831364, "x": 0.5575978625084524, "z": 0.18669362935644696}, "orientation": {"y": 0.731866529734233, "x": -0.681140160892675, "z": 0.003537364613146793, "w": 0.020173024697985566}}, "stability_score": 1.0}