{"GRASPA_board_pose": {"position": {"y": -0.2542014854956526, "x": 0.4095838520054972, "z": 0.007038521442308487}, "orientation": {"y": -0.0053663162767577785, "x": 0.008370373260921852, "z": -0.7000952395228139, "w": 0.7139802483952791}}, "grasped_score": "1", "object": "mustard_bottle", "grasp_pose": {"position": {"y": 0.14481275184750841, "x": 0.5559012915784525, "z": 0.1838876762784155}, "orientation": {"y": 0.6519260047468591, "x": 0.7579985769982809, "z": 0.02036954439910523, "w": -0.003965257160982561}}, "stability_score": 1.0}