{"GRASPA_board_pose": {"position": {"y": -0.2539403988616334, "x": 0.406193946782606, "z": 0.006239097593046139}, "orientation": {"y": -0.004338968109167593, "x": 0.008472978931700282, "z": -0.7024794479810614, "w": 0.7116403636303902}}, "grasped_score": "1", "object": "cracker_box", "grasp_pose": {"position": {"y": -0.0036659061767026248, "x": 0.5550116477263265, "z": 0.16333281454884951}, "orientation": {"y": 0.9160438083100234, "x": 0.4005456447832106, "z": 0.019990333113216834, "w": 0.005226306926891117}}, "stability_score": 1.0}