{"GRASPA_board_pose": {"position": {"y": -0.27492162128412956, "x": 0.39184820202439535, "z": 0.002262967870818533}, "orientation": {"y": -0.008261238522675433, "x": 0.00516320754957267, "z": -0.6979923602390465, "w": 0.7160389362833537}}, "grasped_score": "0", "object": "hammer", "grasp_pose": {"position": {"y": 0.09783855992058309, "x": 0.41676452482525517, "z": 0.031630443096666516}, "orientation": {"y": 0.6682718598191396, "x": 0.7436351122973416, "z": 0.020137074786814712, "w": -0.0037469122512427725}}, "stability_score": 0.0}