{"GRASPA_board_pose": {"position": {"y": -0.2538350502019122, "x": 0.40551093433551333, "z": 0.0031597743430531455}, "orientation": {"y": -0.005890735449731075, "x": 0.012828112407396293, "z": -0.7027084929780797, "w": 0.7113378330051062}}, "grasped_score": "1", "object": "potted_meat_can", "grasp_pose": {"position": {"y": -0.14562174161173513, "x": 0.4357224499154406, "z": 0.09250884102951806}, "orientation": {"y": -0.2886369801054571, "x": 0.957220147090682, "z": 0.007191895461837333, "w": -0.019145766084458553}}, "stability_score": 1.0}