{"GRASPA_board_pose": {"position": {"y": -0.27603486157452467, "x": 0.3854351871591516, "z": 0.003969195618014287}, "orientation": {"y": -0.009164502071094725, "x": 0.001624153570602675, "z": -0.7089596627751419, "w": 0.7051876137487989}}, "grasped_score": "1", "object": "hammer", "grasp_pose": {"position": {"y": 0.16807524291457054, "x": 0.4218897529769583, "z": 0.02667646093660192}, "orientation": {"y": 0.7436352905936555, "x": -0.6682730598390522, "z": 0.0037448359445521077, "w": 0.020090999994741697}}, "stability_score": 0.0}