{"GRASPA_board_pose": {"position": {"y": -0.2535150850392513, "x": 0.40636907982972587, "z": 0.005683539291314099}, "orientation": {"y": -0.005368989800122156, "x": 0.009429197532623819, "z": -0.7026365827228046, "w": 0.7114661599837595}}, "grasped_score": "0", "object": "banana", "grasp_pose": {"position": {"y": 0.2507584413135244, "x": 0.6937655965124738, "z": 0.03731396492473604}, "orientation": {"y": 0.9988681971841721, "x": -0.04302731041787317, "z": 0.014999322805279564, "w": 0.013638017730917378}}, "stability_score": 0.0}