{"GRASPA_board_pose": {"position": {"y": -0.2543871593589033, "x": 0.40849796766206525, "z": 0.00571624306379015}, "orientation": {"y": -0.005912018507769032, "x": 0.0096124302613384, "z": -0.7007488734879543, "w": 0.7133187685228797}}, "grasped_score": "0", "object": "cracker_box", "grasp_pose": {"position": {"y": 0.025658165520608744, "x": 0.5379748700314017, "z": 0.13817417466187099}, "orientation": {"y": 0.5409722678717989, "x": 0.8407917252172397, "z": 0.019217272683965312, "w": -0.006998330547416155}}, "stability_score": 0.0}