{"GRASPA_board_pose": {"position": {"y": -0.25452906890337096, "x": 0.4095001734199628, "z": 0.006540004945836175}, "orientation": {"y": -0.00447448859698828, "x": 0.009491306380240363, "z": -0.6999091196662426, "w": 0.7141548279351034}}, "grasped_score": "0", "object": "mustard_bottle", "grasp_pose": {"position": {"y": 0.14327710634858737, "x": 0.5569920336508101, "z": 0.17960872396496963}, "orientation": {"y": 0.7201242140473905, "x": -0.6935413895153276, "z": 0.0030974827899692046, "w": 0.020294407410488286}}, "stability_score": 0.0}