{"GRASPA_board_pose": {"position": {"y": -0.25360060347036, "x": 0.4057869817892443, "z": 0.006367534351262472}, "orientation": {"y": -0.003713583837244256, "x": 0.008596598168538047, "z": -0.703140689786471, "w": 0.7109890844180506}}, "grasped_score": "1", "object": "tennis_ball", "grasp_pose": {"position": {"y": -0.1992872892998037, "x": 0.5557759124912236, "z": 0.059575438431757166}, "orientation": {"y": 0.8790099095604318, "x": 0.476364530827198, "z": 0.020208931239607316, "w": 0.003164136927840424}}, "stability_score": 1.0}