{"GRASPA_board_pose": {"position": {"y": -0.2544263970138991, "x": 0.4082409083449957, "z": 0.005444770185997649}, "orientation": {"y": -0.004648151917856849, "x": 0.009618359011579015, "z": -0.7009561510213839, "w": 0.713124362365331}}, "grasped_score": "1", "object": "cracker_box", "grasp_pose": {"position": {"y": -0.06796253970546745, "x": 0.6034128665767975, "z": 0.1644454927189194}, "orientation": {"y": -0.29089341440980654, "x": 0.9565399988079208, "z": 0.007602073729442088, "w": -0.018827124277476424}}, "stability_score": 1.0}