{"GRASPA_board_pose": {"position": {"y": -0.25320789678773126, "x": 0.40540725811051115, "z": 0.004556404216970178}, "orientation": {"y": -0.006385480316239659, "x": 0.010689677890179333, "z": -0.7035370827201217, "w": 0.7105494561713462}}, "grasped_score": "1", "object": "tennis_ball", "grasp_pose": {"position": {"y": -0.20893175485531953, "x": 0.5607574643626644, "z": 0.04988204924837847}, "orientation": {"y": 0.9620752176378238, "x": 0.27201655962598, "z": 0.01900142922704382, "w": 0.007563900033057958}}, "stability_score": 1.0}