{"GRASPA_board_pose": {"position": {"y": -0.2543551703898145, "x": 0.40839492224454804, "z": 0.0055454877334869535}, "orientation": {"y": -0.00686894180348323, "x": 0.00961170994220168, "z": -0.7008052408001986, "w": 0.7132548262279499}}, "grasped_score": "1", "object": "cracker_box", "grasp_pose": {"position": {"y": -0.059027667635358654, "x": 0.541439799485511, "z": 0.1570782786665713}, "orientation": {"y": 0.8670437226484127, "x": 0.49781328557043536, "z": 0.020251518180334074, "w": 0.002644189278803666}}, "stability_score": 1.0}