{"GRASPA_board_pose": {"position": {"y": -0.2740093374520029, "x": 0.3919199580515936, "z": 0.0029659823519038175}, "orientation": {"y": -0.009544952182870216, "x": 0.0038166031804223646, "z": -0.6990206047164544, "w": 0.7150276369552665}}, "grasped_score": "1", "object": "hammer", "grasp_pose": {"position": {"y": 0.2231783472414853, "x": 0.4220545251331303, "z": 0.030069667926877708}, "orientation": {"y": 0.6511558959282578, "x": 0.7586776116103005, "z": 0.01971824721897547, "w": -0.003933391128405413}}, "stability_score": 0.0}