{"GRASPA_board_pose": {"position": {"y": -0.2533553191078853, "x": 0.40624438415828695, "z": 0.004466650485056123}, "orientation": {"y": -0.007718581207041386, "x": 0.010169288734978932, "z": -0.7028626050048641, "w": 0.7112110569701171}}, "grasped_score": "1", "object": "banana", "grasp_pose": {"position": {"y": 0.25072232764626684, "x": 0.645954480898901, "z": 0.04020552241174813}, "orientation": {"y": 0.9959464266555609, "x": 0.08760299815924803, "z": 0.0172675118385925, "w": 0.010874878410087285}}, "stability_score": 1.0}