{"GRASPA_board_pose": {"position": {"y": -0.2536324016335929, "x": 0.40637768828516574, "z": 0.00563475289216625}, "orientation": {"y": -0.004172027662280681, "x": 0.008940499825304015, "z": -0.7025179760034954, "w": 0.7115976075283074}}, "grasped_score": "1", "object": "banana", "grasp_pose": {"position": {"y": 0.2501915411484706, "x": 0.7067252512939042, "z": 0.04082463234722267}, "orientation": {"y": 0.21419979483853566, "x": 0.9765772538733046, "z": 0.015524639779509217, "w": -0.013202297834870974}}, "stability_score": 1.0}