{"GRASPA_board_pose": {"position": {"y": -0.2538282258737766, "x": 0.4066330297646023, "z": 0.004763782003798622}, "orientation": {"y": -0.004251166728240955, "x": 0.010004165825258043, "z": -0.7024733879542587, "w": 0.7116269974246725}}, "grasped_score": "1", "object": "banana", "grasp_pose": {"position": {"y": 0.24889192728012502, "x": 0.6544853219716279, "z": 0.039785238233828735}, "orientation": {"y": -0.05979192186902155, "x": 0.9980017544252121, "z": 0.011416953955152383, "w": -0.016943358751833542}}, "stability_score": 1.0}