{"GRASPA_board_pose": {"position": {"y": -0.2536124981616556, "x": 0.40579850462301525, "z": 0.0066058481077657105}, "orientation": {"y": -0.003380595231237658, "x": 0.008217767593181205, "z": -0.703156728630913, "w": 0.7109793631693818}}, "grasped_score": "0", "object": "tennis_ball", "grasp_pose": {"position": {"y": -0.20554809453559234, "x": 0.5662029772401114, "z": 0.055835540172048614}, "orientation": {"y": 0.7430038619574293, "x": -0.6689760909595762, "z": 0.0038431663925901005, "w": 0.02003698861777352}}, "stability_score": 0.0}