{"GRASPA_board_pose": {"position": {"y": -0.2545085016510736, "x": 0.4072835824840152, "z": 0.004851681857458823}, "orientation": {"y": -0.005941766896391521, "x": 0.010792718645295348, "z": -0.7021605172163112, "w": 0.7119120877558652}}, "grasped_score": "1", "object": "tennis_ball", "grasp_pose": {"position": {"y": -0.20202169655858263, "x": 0.5703807246397717, "z": 0.056291680276580824}, "orientation": {"y": 0.8029469567782967, "x": -0.5957020025824024, "z": 0.005714662667298403, "w": 0.019561476181165858}}, "stability_score": 1.0}