{"GRASPA_board_pose": {"position": {"y": -0.2542799216508365, "x": 0.40862203616855947, "z": 0.006745981114485489}, "orientation": {"y": -0.005635673632296995, "x": 0.008131920489716981, "z": -0.7007315263297792, "w": 0.7133564600249985}}, "grasped_score": "0", "object": "cracker_box", "grasp_pose": {"position": {"y": -0.025868802683391152, "x": 0.5570620921703191, "z": 0.16097471748365932}, "orientation": {"y": 0.8642621855885396, "x": 0.5026248124033447, "z": 0.02030842875971601, "w": 0.0025961971293118765}}, "stability_score": 0.0}