{"GRASPA_board_pose": {"position": {"y": -0.2776571864557393, "x": 0.38571419020059067, "z": 0.0032758329015056264}, "orientation": {"y": -0.009242355833018434, "x": 0.0030467144498958483, "z": -0.7078344897767013, "w": 0.7063112851089625}}, "grasped_score": "1", "object": "hammer", "grasp_pose": {"position": {"y": 0.18806137051680258, "x": 0.42912422002253664, "z": 0.029828166828708813}, "orientation": {"y": 0.7390000466701873, "x": -0.6733767769977032, "z": 0.0031386663386740493, "w": 0.020803749548124795}}, "stability_score": 0.0}