{"GRASPA_board_pose": {"position": {"y": -0.2540361334930814, "x": 0.40575350879789374, "z": 0.0062365880665419815}, "orientation": {"y": -0.004008807192450558, "x": 0.008860638131012826, "z": -0.7025413142740947, "w": 0.7115765034729805}}, "grasped_score": "1", "object": "potted_meat_can", "grasp_pose": {"position": {"y": -0.1498938573712883, "x": 0.44528302784293927, "z": 0.09433126228985744}, "orientation": {"y": -0.22443212095235746, "x": 0.9742681882095491, "z": 0.008858741414790244, "w": -0.0187947659803198}}, "stability_score": 1.0}