{"GRASPA_board_pose": {"position": {"y": -0.27247622605710314, "x": 0.4096136328171408, "z": 0.0770687922747555}, "orientation": {"y": -0.011078587935975511, "x": 0.011257489039275113, "z": -0.7010095502582957, "w": 0.7129769591484268}}, "grasped_score": "1", "object": "tomato_soup_can", "grasp_pose": {"position": {"y": 0.19454801753060386, "x": 0.42737517952184656, "z": 0.14895310567546427}, "orientation": {"y": 0.8799369965145607, "x": -0.1520210092465985, "z": -0.14502293623676102, "w": -0.42610895658017767}}, "stability_score": 1.0}