{"GRASPA_board_pose": {"position": {"y": -0.2739893400506936, "x": 0.40772812952766496, "z": 0.07725008752210888}, "orientation": {"y": -0.011376307776658963, "x": 0.010277107089383213, "z": -0.7009496132040425, "w": 0.7130460016298719}}, "grasped_score": "1", "object": "mustard_bottle", "grasp_pose": {"position": {"y": -0.2137749582127742, "x": 0.6858255399929228, "z": 0.2279238684760737}, "orientation": {"y": 0.810555302588084, "x": -0.20163884257893128, "z": 0.278802966391974, "w": 0.4739312023287813}}, "stability_score": 1.0}