{"GRASPA_board_pose": {"position": {"y": -0.2726567241098369, "x": 0.4097055060713531, "z": 0.07726669549800069}, "orientation": {"y": -0.011366896668573044, "x": 0.011506005705918252, "z": -0.7008581213161432, "w": 0.7131173110211444}}, "grasped_score": "0", "object": "tomato_soup_can", "grasp_pose": {"position": {"y": 0.19984716035016825, "x": 0.4275121499896848, "z": 0.152471514198799}, "orientation": {"y": 0.1812332508450924, "x": 0.9815639930164695, "z": -0.04650376476287069, "w": -0.03903890706159415}}, "stability_score": 0.0}