{"GRASPA_board_pose": {"position": {"y": -0.2702740378592536, "x": 0.40816591039282324, "z": 0.07777280618305116}, "orientation": {"y": -0.011103565566042068, "x": 0.009676331181057624, "z": -0.7024008587687391, "w": 0.7116291963147191}}, "grasped_score": "1", "object": "strawberry", "grasp_pose": {"position": {"y": -0.1118381485066004, "x": 0.6033681085936013, "z": 0.09066585816188288}, "orientation": {"y": -0.5169595490683291, "x": 0.8380060850546865, "z": -0.1714816569186398, "w": -0.03305551964234481}}, "stability_score": 1.0}