{"GRASPA_board_pose": {"position": {"y": -0.26838197481779247, "x": 0.4115046646376949, "z": 0.07871599792018097}, "orientation": {"y": -0.012223847297988486, "x": 0.007984506500353865, "z": -0.7003953183129862, "w": 0.7136057898436868}}, "grasped_score": "0", "object": "power_drill", "grasp_pose": {"position": {"y": 0.13206034730735774, "x": 0.6635659493032995, "z": 0.23931118510469118}, "orientation": {"y": -0.6541979805839837, "x": 0.7113446934423584, "z": -0.23366152597515238, "w": -0.10684577946834356}}, "stability_score": 0.0}