{"GRASPA_board_pose": {"position": {"y": -0.27251803403049446, "x": 0.4100973184836189, "z": 0.07722963414238787}, "orientation": {"y": -0.009563706965111192, "x": 0.010228003647930237, "z": -0.7008375351637812, "w": 0.7131834776241098}}, "grasped_score": "0", "object": "pear", "grasp_pose": {"position": {"y": -0.03731027767471215, "x": 0.5105053208829676, "z": 0.10245790876804939}, "orientation": {"y": 0.27312188679222565, "x": 0.9488125861561962, "z": 0.14464779030357405, "w": -0.06508554422403577}}, "stability_score": 0.0}