{"GRASPA_board_pose": {"position": {"y": -0.2726630779059268, "x": 0.40976450142091814, "z": 0.07699876524333049}, "orientation": {"y": -0.01026164255799481, "x": 0.01166519054155726, "z": -0.7007593498822479, "w": 0.713228543718106}}, "grasped_score": "0", "object": "tomato_soup_can", "grasp_pose": {"position": {"y": 0.20100141669996674, "x": 0.424081652646236, "z": 0.15825455379849096}, "orientation": {"y": 0.9992284168321498, "x": -0.014139039485100788, "z": -0.019809873510826064, "w": -0.030825759829072125}}, "stability_score": 0.0}