{"GRASPA_board_pose": {"position": {"y": -0.27286637856451246, "x": 0.40956157889873696, "z": 0.07656829007422017}, "orientation": {"y": -0.013118445307673669, "x": 0.012007443169574276, "z": -0.7009577827475794, "w": 0.71298100571252}}, "grasped_score": "0", "object": "scissors", "grasp_pose": {"position": {"y": 0.08692764676446264, "x": 0.5372797269514927, "z": 0.06994508910095643}, "orientation": {"y": -0.6156530842288906, "x": 0.7878646034122172, "z": -0.01400171802063946, "w": -0.006678207995765026}}, "stability_score": 0.0}