{"GRASPA_board_pose": {"position": {"y": -0.27434702690867024, "x": 0.40770017037216894, "z": 0.076023244098607}, "orientation": {"y": -0.012137475273970797, "x": 0.01228138713471759, "z": -0.7005546647899275, "w": 0.7133898028883601}}, "grasped_score": "0", "object": "chips_can", "grasp_pose": {"position": {"y": -0.2205083066519909, "x": 0.693909983282502, "z": 0.22493079248508363}, "orientation": {"y": 0.20712642091422168, "x": 0.9338928338062324, "z": 0.2616627485408677, "w": -0.1283566389037512}}, "stability_score": 0.0}