{"GRASPA_board_pose": {"position": {"y": -0.2728627576169255, "x": 0.40955350333110574, "z": 0.07770027185569595}, "orientation": {"y": -0.009734181831846017, "x": 0.010265484526636314, "z": -0.700901186463081, "w": 0.7131180774220657}}, "grasped_score": "1", "object": "mustard_bottle", "grasp_pose": {"position": {"y": -0.2182690220245376, "x": 0.692252147728897, "z": 0.21939901006403129}, "orientation": {"y": 0.8453545632459452, "x": -0.16956421131259589, "z": 0.2014933466439867, "w": 0.4647838980638221}}, "stability_score": 1.0}