{"GRASPA_board_pose": {"position": {"y": -0.2727385844746841, "x": 0.40935631531575734, "z": 0.07662150308208393}, "orientation": {"y": -0.012339773904734315, "x": 0.012035671722605638, "z": -0.7011423456319349, "w": 0.7128129374162018}}, "grasped_score": "1", "object": "mustard_bottle", "grasp_pose": {"position": {"y": -0.2160204210252518, "x": 0.6744268511948952, "z": 0.2124133872420746}, "orientation": {"y": 0.8166142657763498, "x": -0.17811365471522517, "z": 0.23833381442463158, "w": 0.4945843303586804}}, "stability_score": 1.0}