{"GRASPA_board_pose": {"position": {"y": -0.27397795150196164, "x": 0.40818290067232876, "z": 0.07701815051239319}, "orientation": {"y": -0.011376074576601879, "x": 0.010770698448116336, "z": -0.7009782451990638, "w": 0.7130105726704257}}, "grasped_score": "1", "object": "chips_can", "grasp_pose": {"position": {"y": -0.2150338915653291, "x": 0.6828144413782934, "z": 0.21644282724257136}, "orientation": {"y": 0.7959267758892586, "x": -0.15661088851246024, "z": 0.2729127841927045, "w": 0.517196489978474}}, "stability_score": 1.0}