{"GRASPA_board_pose": {"position": {"y": -0.27268896612564636, "x": 0.4092715096350396, "z": 0.07669215721583872}, "orientation": {"y": -0.013437235100216419, "x": 0.011790914638618508, "z": -0.7011683316439932, "w": 0.7127716224320559}}, "grasped_score": "1", "object": "tennis_ball", "grasp_pose": {"position": {"y": -0.13191959083664145, "x": 0.46571784379901815, "z": 0.09708256250923131}, "orientation": {"y": 0.6673004766651027, "x": 0.692455231581241, "z": 0.25744568915519755, "w": -0.09453858066261706}}, "stability_score": 1.0}