{"GRASPA_board_pose": {"position": {"y": -0.26955336106546707, "x": 0.4116304050296518, "z": 0.0778503982481521}, "orientation": {"y": -0.009491201376557411, "x": 0.00981029741461029, "z": -0.6998826060175284, "w": 0.7141274486778811}}, "grasped_score": "0", "object": "power_drill", "grasp_pose": {"position": {"y": 0.1450423887662474, "x": 0.6580868808852367, "z": 0.2348332849747622}, "orientation": {"y": -0.45067845416330116, "x": 0.5743024738743178, "z": -0.5236085984807692, "w": -0.43920340965413773}}, "stability_score": 0.0}