{"GRASPA_board_pose": {"position": {"y": -0.27272313098587897, "x": 0.4097234891892382, "z": 0.07756028268742865}, "orientation": {"y": -0.011516164316937924, "x": 0.010886315650394544, "z": -0.7006955393686547, "w": 0.7132843943336032}}, "grasped_score": "0", "object": "pear", "grasp_pose": {"position": {"y": -0.03505956594793752, "x": 0.5173000443377035, "z": 0.10872355833527592}, "orientation": {"y": 0.9620393347886588, "x": 0.08981891077185453, "z": 0.01862510330732283, "w": 0.25703304673513017}}, "stability_score": 0.0}