{"GRASPA_board_pose": {"position": {"y": -0.27412729084913856, "x": 0.40751688169283506, "z": 0.07631241322494026}, "orientation": {"y": -0.011982337962998964, "x": 0.011584692607933988, "z": -0.7008554491388489, "w": 0.7131085877245502}}, "grasped_score": "0", "object": "chips_can", "grasp_pose": {"position": {"y": -0.21481043208042944, "x": 0.6958943416212768, "z": 0.22636627300480827}, "orientation": {"y": 0.15760149871459467, "x": 0.9867889377782852, "z": 0.02732691459600095, "w": -0.025741010469285182}}, "stability_score": 0.0}