{"GRASPA_board_pose": {"position": {"y": -0.2725427562368182, "x": 0.4098405912784378, "z": 0.07604899000421245}, "orientation": {"y": -0.010312460780690876, "x": 0.012070673364744837, "z": -0.7009763099836952, "w": 0.7130078294372445}}, "grasped_score": "0", "object": "pear", "grasp_pose": {"position": {"y": -0.052198996357345574, "x": 0.583889106273703, "z": 0.0900436357673765}, "orientation": {"y": 0.14765689055214934, "x": 0.9724420885307917, "z": -0.17944624810263862, "w": 0.018784865403529347}}, "stability_score": 0.0}