{"GRASPA_board_pose": {"position": {"y": -0.26873797633966373, "x": 0.41180974122265374, "z": 0.1334462012936092}, "orientation": {"y": -0.011849068825833803, "x": 0.0011517190716866038, "z": -0.6936007362336291, "w": 0.7202612663522234}}, "grasped_score": "1", "object": "banana", "grasp_pose": {"position": {"y": -0.028648505928258128, "x": 0.49196174740123133, "z": 0.16039747923218983}, "orientation": {"y": 0.7024453108273246, "x": 0.6913934138236016, "z": -0.1247968675016501, "w": -0.11389238113159743}}, "stability_score": 1.0}