{"GRASPA_board_pose": {"position": {"y": -0.27516139550744867, "x": 0.4078670431464064, "z": 0.13345701503804488}, "orientation": {"y": -0.011609263439338848, "x": 0.0014322894903921657, "z": -0.6939160225665452, "w": 0.7199609205884981}}, "grasped_score": "1", "object": "foam_brick", "grasp_pose": {"position": {"y": 0.11805972520122343, "x": 0.5248460038870261, "z": 0.16847709502810995}, "orientation": {"y": -0.2529816342898485, "x": 0.9667371813360977, "z": 0.03406208718927678, "w": 0.01610245790818102}}, "stability_score": 1.0}