{"GRASPA_board_pose": {"position": {"y": -0.2736989068889852, "x": 0.4103769762034453, "z": 0.13316509334462234}, "orientation": {"y": -0.011951630314097718, "x": 0.001415729365606917, "z": -0.6920511573877, "w": 0.7217481207468043}}, "grasped_score": "1", "object": "banana", "grasp_pose": {"position": {"y": -0.03520112064400789, "x": 0.49018337311938276, "z": 0.15763923533469865}, "orientation": {"y": 0.703060762479496, "x": 0.6994054441467518, "z": -0.09457564466957133, "w": -0.08713803070399125}}, "stability_score": 1.0}