{"GRASPA_board_pose": {"position": {"y": -0.2729331876601335, "x": 0.4079322275451409, "z": 0.13305275898957236}, "orientation": {"y": -0.011747365775267552, "x": 0.0013337658818465515, "z": -0.6932517157197655, "w": 0.7205985561444849}}, "grasped_score": "1", "object": "potted_meat_can", "grasp_pose": {"position": {"y": -0.047826913452149566, "x": 0.618188499699401, "z": 0.2064521102179701}, "orientation": {"y": -0.3499705978623416, "x": 0.9365542833706565, "z": -0.011020791412303093, "w": -0.016284872999132213}}, "stability_score": 1.0}