{"GRASPA_board_pose": {"position": {"y": -0.2729093504474657, "x": 0.4079029861601438, "z": 0.1330364607312648}, "orientation": {"y": -0.011640524592698922, "x": 0.0012987739685816023, "z": -0.6932725291678231, "w": 0.7205803297860934}}, "grasped_score": "1", "object": "potted_meat_can", "grasp_pose": {"position": {"y": -0.05029732768218876, "x": 0.6212340845336316, "z": 0.20592165028067813}, "orientation": {"y": -0.35268213819585004, "x": 0.9357026653914076, "z": -0.008678153770764063, "w": 0.0007218200258829865}}, "stability_score": 1.0}