{"GRASPA_board_pose": {"position": {"y": -0.272623751285734, "x": 0.4076700043913827, "z": 0.13446034707854912}, "orientation": {"y": -0.011819566951358565, "x": -0.0008142980461275909, "z": -0.6932074562443685, "w": 0.7206407269666254}}, "grasped_score": "1", "object": "gelatin_box", "grasp_pose": {"position": {"y": 0.1941938041857259, "x": 0.6145992172361051, "z": 0.2042650480275578}, "orientation": {"y": 0.8460198604994346, "x": 0.5324726611926331, "z": -0.015952666051661284, "w": -0.021651170148442773}}, "stability_score": 1.0}