{"GRASPA_board_pose": {"position": {"y": -0.2725220933485931, "x": 0.4084550273187922, "z": 0.132317534307813}, "orientation": {"y": -0.011014041949037882, "x": 0.0020460716446750044, "z": -0.6928104569025129, "w": 0.7210327144293114}}, "grasped_score": "1", "object": "mustard_bottle", "grasp_pose": {"position": {"y": -0.19634358197264884, "x": 0.5681257646684089, "z": 0.2813915701732898}, "orientation": {"y": 0.8442560839390958, "x": -0.01634537668833731, "z": 0.09615508212102139, "w": 0.5269902215174765}}, "stability_score": 1.0}