{"GRASPA_board_pose": {"position": {"y": -0.27270810051253064, "x": 0.40792558512839133, "z": 0.13344214767160556}, "orientation": {"y": -0.012131893950459879, "x": 0.0012936838152874715, "z": -0.6931615298636331, "w": 0.720679011105824}}, "grasped_score": "1", "object": "foam_brick", "grasp_pose": {"position": {"y": 0.1180380462787883, "x": 0.5281598546406268, "z": 0.16832880191405708}, "orientation": {"y": -0.24986183350939514, "x": 0.9673876012733248, "z": 0.04157677891108109, "w": 0.0012901602013217026}}, "stability_score": 1.0}