{"GRASPA_board_pose": {"position": {"y": -0.27270112497176385, "x": 0.40795563943310753, "z": 0.13339118030565403}, "orientation": {"y": -0.01185525293624877, "x": 0.0012203603673582959, "z": -0.6930403688595519, "w": 0.72080025723456}}, "grasped_score": "1", "object": "foam_brick", "grasp_pose": {"position": {"y": 0.11929572822899878, "x": 0.5238396465407013, "z": 0.16872396412088755}, "orientation": {"y": 0.9779235473630128, "x": 0.19440348350381426, "z": -0.07262977875847644, "w": 0.024448647243113464}}, "stability_score": 1.0}