{"GRASPA_board_pose": {"position": {"y": -0.27515243440001164, "x": 0.40797005345115783, "z": 0.13368954923384463}, "orientation": {"y": -0.011512033954307282, "x": 0.0010271655384708539, "z": -0.6939094435113213, "w": 0.7199695147789246}}, "grasped_score": "1", "object": "foam_brick", "grasp_pose": {"position": {"y": 0.11892659776641237, "x": 0.5328135310734433, "z": 0.17328470961390377}, "orientation": {"y": -0.20184607313831054, "x": 0.9780878256504203, "z": 0.014790543971741375, "w": 0.048822206854020965}}, "stability_score": 1.0}