{"GRASPA_board_pose": {"position": {"y": -0.27281329256622083, "x": 0.4081338265984606, "z": 0.13300042496945125}, "orientation": {"y": -0.0118721789346175, "x": 0.0016974084128122526, "z": -0.6929114591728192, "w": 0.7209229361859834}}, "grasped_score": "1", "object": "foam_brick", "grasp_pose": {"position": {"y": 0.11728098256564184, "x": 0.5230022663277121, "z": 0.17003643367553642}, "orientation": {"y": -0.23952442057393145, "x": 0.9702435128688944, "z": 0.01332267823250823, "w": 0.032834188420954716}}, "stability_score": 1.0}