{"GRASPA_board_pose": {"position": {"y": -0.2724811160513935, "x": 0.4178201335343573, "z": 0.13358386189666469}, "orientation": {"y": -0.011795915577353528, "x": 0.0007408640819408162, "z": -0.6865854511171956, "w": 0.7269530423695199}}, "grasped_score": "1", "object": "banana", "grasp_pose": {"position": {"y": -0.03299713213859223, "x": 0.49205609668587286, "z": 0.16127577932474543}, "orientation": {"y": 0.7114886028756531, "x": 0.6816005251922389, "z": -0.1174357553727021, "w": -0.12415126014567121}}, "stability_score": 1.0}