{"GRASPA_board_pose": {"position": {"y": -0.2727306504493451, "x": 0.4082709209878618, "z": 0.13318310472262834}, "orientation": {"y": -0.011313935443710496, "x": 0.0010834455296504435, "z": -0.6929316828925683, "w": 0.7209136590842434}}, "grasped_score": "1", "object": "mustard_bottle", "grasp_pose": {"position": {"y": -0.19603240147662196, "x": 0.5484480298053712, "z": 0.2573213368375732}, "orientation": {"y": 0.8214106400388561, "x": -0.24825076050935335, "z": 0.13001651786278254, "w": 0.49674120567990043}}, "stability_score": 1.0}