{"GRASPA_board_pose": {"position": {"y": -0.27268288326160345, "x": 0.40778301674032913, "z": 0.13433922574413268}, "orientation": {"y": -0.012227621651449774, "x": -0.0007876886007352988, "z": -0.6932566560260683, "w": 0.7205866177573456}}, "grasped_score": "1", "object": "gelatin_box", "grasp_pose": {"position": {"y": 0.16172749995934027, "x": 0.6362741903768568, "z": 0.20696118703572766}, "orientation": {"y": 0.9333723573688099, "x": 0.3569184621480182, "z": -0.024347694367351302, "w": 0.028852099692711807}}, "stability_score": 1.0}