{"GRASPA_board_pose": {"position": {"y": -0.27275233896665646, "x": 0.40755384748672263, "z": 0.13462297458091718}, "orientation": {"y": -0.011751453747674253, "x": -0.0013478483897265182, "z": -0.6935402054233683, "w": 0.7203208105426683}}, "grasped_score": "1", "object": "gelatin_box", "grasp_pose": {"position": {"y": 0.16007108748707827, "x": 0.6320334111356578, "z": 0.2147829479803984}, "orientation": {"y": 0.9136453889950354, "x": 0.3895590451308379, "z": -0.11537833401287047, "w": 0.01355335992567198}}, "stability_score": 1.0}