{"GRASPA_board_pose": {"position": {"y": -0.2726959144172147, "x": 0.40780341426814565, "z": 0.13392702744385696}, "orientation": {"y": -0.012365584706882614, "x": -0.0002584915644490711, "z": -0.6932193671534167, "w": 0.7206205204546873}}, "grasped_score": "1", "object": "gelatin_box", "grasp_pose": {"position": {"y": 0.17892692929749787, "x": 0.6152901200503555, "z": 0.2037780780878955}, "orientation": {"y": 0.8925291249434285, "x": 0.44107003604130657, "z": -0.007887063885403885, "w": 0.09373781871532046}}, "stability_score": 1.0}