{"GRASPA_board_pose": {"position": {"y": -0.273049094124812, "x": 0.407817904237907, "z": 0.1333169644829144}, "orientation": {"y": -0.011214675503782828, "x": 0.001292804115570911, "z": -0.6932978203045944, "w": 0.7205627606751283}}, "grasped_score": "1", "object": "potted_meat_can", "grasp_pose": {"position": {"y": -0.04519538450893252, "x": 0.6155176194203938, "z": 0.20550665379718872}, "orientation": {"y": -0.3509960921971429, "x": 0.935415797243834, "z": 0.0007565334058164486, "w": -0.04240822073870959}}, "stability_score": 1.0}