{"GRASPA_board_pose": {"position": {"y": -0.2726274761343199, "x": 0.4085564278287163, "z": 0.1323847512333628}, "orientation": {"y": -0.011616280919958777, "x": 0.002330768818331876, "z": -0.6927242968781518, "w": 0.7211051782153379}}, "grasped_score": "1", "object": "mustard_bottle", "grasp_pose": {"position": {"y": -0.19793822263568572, "x": 0.5727890246743654, "z": 0.28984603389987224}, "orientation": {"y": 0.8250434078050302, "x": 0.03950195832456957, "z": 0.1595673111208831, "w": 0.5406304132655119}}, "stability_score": 1.0}