{"GRASPA_board_pose": {"position": {"y": -0.27294005285190664, "x": 0.4077503311183232, "z": 0.13347653553244118}, "orientation": {"y": -0.011496211531920819, "x": 0.0010914247385041013, "z": -0.6933209360388383, "w": 0.7205364151537952}}, "grasped_score": "1", "object": "potted_meat_can", "grasp_pose": {"position": {"y": -0.04994969375948737, "x": 0.6206359625681718, "z": 0.2055658285763789}, "orientation": {"y": 0.9455895557013796, "x": 0.32252704981390246, "z": 0.04042103914157415, "w": 0.014241976039979138}}, "stability_score": 1.0}