{"GRASPA_board_pose": {"position": {"y": -0.26927466481383516, "x": 0.4157556635369842, "z": 0.13364297309396087}, "orientation": {"y": -0.011793218750468081, "x": 0.0011081138665264651, "z": -0.6922092836353338, "w": 0.7215996117821991}}, "grasped_score": "1", "object": "banana", "grasp_pose": {"position": {"y": -0.03682011363070585, "x": 0.4953767893213973, "z": 0.16053076351300916}, "orientation": {"y": 0.7146961329240041, "x": 0.6825829055582182, "z": -0.10846161882823864, "w": -0.10735963796665997}}, "stability_score": 1.0}