{"GRASPA_board_pose": {"position": {"y": -0.2729719038131097, "x": 0.407821521299507, "z": 0.13327064779978545}, "orientation": {"y": -0.011702324784920854, "x": 0.0010658923945718105, "z": -0.6933362196722914, "w": 0.7205184286044094}}, "grasped_score": "1", "object": "potted_meat_can", "grasp_pose": {"position": {"y": -0.05729808494480638, "x": 0.6307064365657302, "z": 0.20336132189486444}, "orientation": {"y": 0.9615078930593453, "x": 0.27178092294524975, "z": 0.002912486236825362, "w": 0.04036358422548399}}, "stability_score": 1.0}