{"GRASPA_board_pose": {"position": {"y": -0.27259931130707266, "x": 0.40771531009927403, "z": 0.1343987605933267}, "orientation": {"y": -0.011859331023444766, "x": -0.0008758448617684539, "z": -0.6932132633660074, "w": 0.720634415398616}}, "grasped_score": "1", "object": "gelatin_box", "grasp_pose": {"position": {"y": 0.17564254290721212, "x": 0.6245597592317778, "z": 0.21507322958633918}, "orientation": {"y": 0.9155786181029674, "x": 0.36848392999285956, "z": -0.15918724760444733, "w": -0.024388677901813628}}, "stability_score": 1.0}