{"GRASPA_board_pose": {"position": {"y": -0.27141698947811493, "x": 0.4067023078133183, "z": 0.13336837815041305}, "orientation": {"y": -0.011351846024750875, "x": 0.0012425228107440357, "z": -0.6967877400228741, "w": 0.7171864730198911}}, "grasped_score": "1", "object": "banana", "grasp_pose": {"position": {"y": -0.035296292510733136, "x": 0.49073596469480835, "z": 0.1611885315862623}, "orientation": {"y": 0.6999118369425843, "x": 0.6928718906981182, "z": -0.12558125923307828, "w": -0.1195044389029408}}, "stability_score": 1.0}