{"GRASPA_board_pose": {"position": {"y": -0.272667266790592, "x": 0.40847746508323096, "z": 0.1328130942079311}, "orientation": {"y": -0.01153575586921693, "x": 0.0012549482417023633, "z": -0.6929296277992882, "w": 0.7209118409066233}}, "grasped_score": "1", "object": "mustard_bottle", "grasp_pose": {"position": {"y": -0.1907295583621329, "x": 0.5583013798679358, "z": 0.2664346830860041}, "orientation": {"y": 0.8313559176241979, "x": -0.14882018652043244, "z": 0.08807229552567959, "w": 0.528150699210073}}, "stability_score": 1.0}