{"GRASPA_board_pose": {"position": {"y": -0.27278410823893245, "x": 0.40847607288805327, "z": 0.13280509127592668}, "orientation": {"y": -0.011584350466900461, "x": 0.0014827107287806404, "z": -0.6928503367673746, "w": 0.7209868343003849}}, "grasped_score": "1", "object": "mustard_bottle", "grasp_pose": {"position": {"y": -0.19949168206736748, "x": 0.5494218726352565, "z": 0.2502352040966288}, "orientation": {"y": 0.7571278962236936, "x": -0.25851867167110076, "z": 0.18444862823388375, "w": 0.5708801526589729}}, "stability_score": 1.0}