{"GRASPA_board_pose": {"position": {"y": -0.25493795013401105, "x": 0.4646574783016646, "z": 0.07209940168856677}, "orientation": {"y": -0.01395732202376984, "x": 0.022662601090359887, "z": -0.6915159210975701, "w": 0.7218707159473386}}, "grasped_score": "1", "object": "pear", "grasp_pose": {"position": {"y": -0.012239790542213622, "x": 0.5608272511824118, "z": 0.10829604114933122}, "orientation": {"y": 0.9834850013618975, "x": 0.08825770533735988, "z": -0.09002843156473447, "w": -0.1298565017808733}}, "stability_score": 1.0}