{"GRASPA_board_pose": {"position": {"y": -0.2595576336241351, "x": 0.4643875543942558, "z": 0.07355052631290454}, "orientation": {"y": -0.009911949683624298, "x": 0.020769233137352513, "z": -0.6985816458845094, "w": 0.7151601752346433}}, "grasped_score": "1", "object": "chips_can", "grasp_pose": {"position": {"y": -0.06446287241960366, "x": 0.7328031870166747, "z": 0.2836850369477928}, "orientation": {"y": 0.6576026055149428, "x": -0.5160433825046411, "z": -0.4210234087611151, "w": -0.3521325458805225}}, "stability_score": 1.0}