{"GRASPA_board_pose": {"position": {"y": -0.2594205837078083, "x": 0.46425447238604867, "z": 0.07297633910200668}, "orientation": {"y": -0.010252725550972385, "x": 0.021132725714923768, "z": -0.6987538541647972, "w": 0.7149764617191782}}, "grasped_score": "0", "object": "chips_can", "grasp_pose": {"position": {"y": -0.07323215899923832, "x": 0.7254130680119399, "z": 0.30914115525118535}, "orientation": {"y": -0.5491334576145046, "x": -0.45729648491485175, "z": 0.554491630687162, "w": -0.4264638344698782}}, "stability_score": 0.0}