{"GRASPA_board_pose": {"position": {"y": -0.25619484590945113, "x": 0.467008136628664, "z": 0.07381260638698578}, "orientation": {"y": -0.012519443296184232, "x": 0.02078992071162917, "z": -0.7054073713447729, "w": 0.7083865351549361}}, "grasped_score": "1", "object": "pear", "grasp_pose": {"position": {"y": -0.017530755073642823, "x": 0.5813469007652006, "z": 0.10993922127257838}, "orientation": {"y": 0.022286123946783348, "x": 0.9660613393528912, "z": 0.21947582728104267, "w": 0.13438444302235508}}, "stability_score": 1.0}