{"GRASPA_board_pose": {"position": {"y": -0.25305893012359343, "x": 0.4659470932738164, "z": 0.07197691319916344}, "orientation": {"y": -0.013846899522896524, "x": 0.022543807958917635, "z": -0.6910878154617697, "w": 0.7222864192386514}}, "grasped_score": "1", "object": "potted_meat", "grasp_pose": {"position": {"y": 0.11344266688585297, "x": 0.4988344426834234, "z": 0.13634808607377036}, "orientation": {"y": 0.3196055546031483, "x": 0.9464569970913278, "z": 0.00485529531912326, "w": -0.045253378117489695}}, "stability_score": 1.0}