{"GRASPA_board_pose": {"position": {"y": -0.25602777666112025, "x": 0.4669354016266049, "z": 0.0734388187315107}, "orientation": {"y": -0.012582548988736928, "x": 0.021259024207543338, "z": -0.7054082501540392, "w": 0.7083706190726049}}, "grasped_score": "1", "object": "medium_clamp", "grasp_pose": {"position": {"y": 0.08510402472827705, "x": 0.7114595184673057, "z": 0.0867604341403867}, "orientation": {"y": 0.628813693307223, "x": 0.7761995441419276, "z": 0.013758084875953376, "w": -0.043798651620112185}}, "stability_score": 1.0}