{"GRASPA_board_pose": {"position": {"y": -0.2538959755266263, "x": 0.465662162431761, "z": 0.0754903428938874}, "orientation": {"y": -0.011463998720078675, "x": 0.018089475824646307, "z": -0.6906020631786712, "w": 0.7229177947257202}}, "grasped_score": "1", "object": "strawberry", "grasp_pose": {"position": {"y": -0.08191072144256119, "x": 0.6714785096105284, "z": 0.08942878176775526}, "orientation": {"y": 0.9382691192800666, "x": 0.3016871030495558, "z": -0.03590406038379391, "w": 0.16536883051812284}}, "stability_score": 1.0}