{"GRASPA_board_pose": {"position": {"y": -0.2738400965784002, "x": 0.4092831074791354, "z": 0.13007223176684332}, "orientation": {"y": -0.009853809629522921, "x": 0.003957405448624161, "z": -0.6939758112666294, "w": 0.7199200058025363}}, "grasped_score": "1", "object": "cracker_box", "grasp_pose": {"position": {"y": -0.1306228816227533, "x": 0.6182663469866141, "z": 0.25485236193317506}, "orientation": {"y": -0.4298332381600356, "x": 0.9028043716057366, "z": -0.006377049915103574, "w": -0.012123828471628411}}, "stability_score": 1.0}