{"GRASPA_board_pose": {"position": {"y": -0.2880825331216545, "x": 0.39436871703255044, "z": 0.14181479402026873}, "orientation": {"y": -0.017300068615213528, "x": 0.0012141998009414035, "z": -0.7009606004408276, "w": 0.712989109295778}}, "grasped_score": "1", "object": "hammer", "grasp_pose": {"position": {"y": -0.08933186139075763, "x": 0.42808375362848783, "z": 0.1570613081684617}, "orientation": {"y": 0.9894538258958958, "x": 0.0844365349449005, "z": 0.07289451147957135, "w": -0.0924012347462268}}, "stability_score": 0.25}