{"GRASPA_board_pose": {"position": {"y": -0.27382930275413886, "x": 0.40942714542381176, "z": 0.13346789220912408}, "orientation": {"y": -0.011363600467922307, "x": 0.001080533958123505, "z": -0.6938901142292424, "w": 0.7199904238291643}}, "grasped_score": "1", "object": "cracker_box", "grasp_pose": {"position": {"y": -0.10499829670138437, "x": 0.6230906966168099, "z": 0.2881902788207815}, "orientation": {"y": -0.41435000041146713, "x": 0.909344140657147, "z": -0.025465022128963077, "w": 0.027547117081529206}}, "stability_score": 1.0}