{"GRASPA_board_pose": {"position": {"y": -0.2732739412179065, "x": 0.4088196510784267, "z": 0.13395664502492846}, "orientation": {"y": -0.012352515024231594, "x": 0.0004997456339179101, "z": -0.6946297331807852, "w": 0.7192612177839623}}, "grasped_score": "1", "object": "potted_meat_can", "grasp_pose": {"position": {"y": -0.17368231835820708, "x": 0.45267998637116735, "z": 0.2032735540906921}, "orientation": {"y": 0.9162834376168548, "x": 0.3993018257887524, "z": 0.020627772125849132, "w": 0.02360527246045941}}, "stability_score": 1.0}