{"GRASPA_board_pose": {"position": {"y": -0.2787517413071898, "x": 0.4169034895763349, "z": 0.13516631310097227}, "orientation": {"y": -0.013896693327946135, "x": -0.001162303409681414, "z": -0.6918332153233386, "w": 0.7219226642381468}}, "grasped_score": "1", "object": "tennis_ball", "grasp_pose": {"position": {"y": -0.21469400239016537, "x": 0.5672722139853636, "z": 0.17499376665967675}, "orientation": {"y": 0.981660482437237, "x": -0.1311689877574438, "z": 0.1216106496349456, "w": 0.06594121448036477}}, "stability_score": 1.0}