{"GRASPA_board_pose": {"position": {"y": -0.27365144611596015, "x": 0.40850396156009744, "z": 0.13345937906077585}, "orientation": {"y": -0.010518340987043715, "x": 0.001133503816092615, "z": -0.6944176054710763, "w": 0.7194944536852218}}, "grasped_score": "1", "object": "cracker_box", "grasp_pose": {"position": {"y": -0.1216256694808157, "x": 0.6088413756167106, "z": 0.25943986178066936}, "orientation": {"y": -0.4212401160715895, "x": 0.9068837438539387, "z": -0.0004745294231604022, "w": 0.010881845766433449}}, "stability_score": 1.0}