{"GRASPA_board_pose": {"position": {"y": -0.27298473437503773, "x": 0.4083399402384652, "z": 0.13387031805196287}, "orientation": {"y": -0.013001156601337802, "x": 0.0005083463777233308, "z": -0.6947332951759094, "w": 0.7191497480254098}}, "grasped_score": "0", "object": "mustard_bottle", "grasp_pose": {"position": {"y": 0.1431769728229908, "x": 0.551380212653249, "z": 0.29513493541580194}, "orientation": {"y": 0.8126913571112304, "x": 0.07049159580322045, "z": -0.26394381186332583, "w": 0.5146818018707086}}, "stability_score": 0.0}