{"GRASPA_board_pose": {"position": {"y": -0.27892798223592086, "x": 0.41646885527512884, "z": 0.13385778884746563}, "orientation": {"y": -0.014105779039930788, "x": 0.0008240157810910815, "z": -0.6916688298215364, "w": 0.7220765733971541}}, "grasped_score": "0", "object": "tennis_ball", "grasp_pose": {"position": {"y": -0.22643785148089687, "x": 0.5801060193248706, "z": 0.17691865043473848}, "orientation": {"y": -0.36515898218884335, "x": 0.9295528512174756, "z": -0.022540713738513046, "w": -0.045632562325914665}}, "stability_score": 0.0}