{"GRASPA_board_pose": {"position": {"y": -0.2856560870678765, "x": 0.3999659945960321, "z": 0.14164233300777573}, "orientation": {"y": -0.0168670756041977, "x": 0.00138062781428876, "z": -0.6987562377537055, "w": 0.7151596435955314}}, "grasped_score": "1", "object": "hammer", "grasp_pose": {"position": {"y": -0.08430486737796991, "x": 0.4457819231641486, "z": 0.14991778289491395}, "orientation": {"y": 0.9967381712135717, "x": 0.05781523442815174, "z": 0.037681929280464085, "w": -0.04183884462487762}}, "stability_score": 0.25}