{"GRASPA_board_pose": {"position": {"y": -0.28250455959655507, "x": 0.39073428634947494, "z": 0.14266141200904117}, "orientation": {"y": -0.017057250620034072, "x": 0.0001592093259331746, "z": -0.7027469057059951, "w": 0.7112354120643355}}, "grasped_score": "0", "object": "hammer", "grasp_pose": {"position": {"y": -0.11948492235040759, "x": 0.4623277765363938, "z": 0.14876633580833243}, "orientation": {"y": 0.9860188287574297, "x": 0.0999700805994766, "z": 0.03300771355583921, "w": -0.12916401653160384}}, "stability_score": 0.0}