{"GRASPA_board_pose": {"position": {"y": -0.27350881945984695, "x": 0.40851986279442043, "z": 0.1348134284237018}, "orientation": {"y": -0.011026689521898178, "x": -7.275442939008824e-05, "z": -0.6939244725405022, "w": 0.7199633554802402}}, "grasped_score": "1", "object": "mustard_bottle", "grasp_pose": {"position": {"y": 0.12137954456558772, "x": 0.5448019564592936, "z": 0.25520073569566915}, "orientation": {"y": 0.6086598962216584, "x": 0.5938354299487085, "z": 0.4208582005622953, "w": -0.3158654585239406}}, "stability_score": 1.0}