{"GRASPA_board_pose": {"position": {"y": -0.27615294462810575, "x": 0.4064448389146989, "z": 0.13487148161360207}, "orientation": {"y": -0.011612162725345527, "x": -0.0004681340909752019, "z": -0.699577991662942, "w": 0.7144617359300341}}, "grasped_score": "1", "object": "banana", "grasp_pose": {"position": {"y": 0.22699967373925545, "x": 0.6783812596674166, "z": 0.16406039492065214}, "orientation": {"y": 0.020871054291985033, "x": 0.9718748168904927, "z": -0.01931054233969955, "w": -0.2337751961636627}}, "stability_score": 1.0}