{"GRASPA_board_pose": {"position": {"y": -0.27904416728503906, "x": 0.41663580735858124, "z": 0.1351379235778123}, "orientation": {"y": -0.01310639574120673, "x": -0.0011621408578478493, "z": -0.6917682085823135, "w": 0.72199973505128}}, "grasped_score": "0", "object": "tennis_ball", "grasp_pose": {"position": {"y": -0.21825522425057892, "x": 0.5711410056630915, "z": 0.18093992118691557}, "orientation": {"y": 0.9972142658469123, "x": 0.00041411481722970767, "z": -0.037860525591545784, "w": 0.06426598713358261}}, "stability_score": 0.0}