{"GRASPA_board_pose": {"position": {"y": -0.2729718978443572, "x": 0.40869326346878826, "z": 0.13433757758766138}, "orientation": {"y": -0.012280068033961918, "x": 0.00024031939142131386, "z": -0.6948937139205229, "w": 0.7190075580474893}}, "grasped_score": "1", "object": "banana", "grasp_pose": {"position": {"y": 0.23169965739552534, "x": 0.656144605560913, "z": 0.15400598048645406}, "orientation": {"y": 0.003755469866441538, "x": 0.9872798613542353, "z": 0.030838242070538313, "w": 0.15592746594632712}}, "stability_score": 1.0}