{"GRASPA_board_pose": {"position": {"y": -0.279175245888763, "x": 0.4166771861313649, "z": 0.13514542319839556}, "orientation": {"y": -0.012966653816830523, "x": -0.00098675607202472, "z": -0.6915458942185267, "w": 0.7222154584268788}}, "grasped_score": "0", "object": "tennis_ball", "grasp_pose": {"position": {"y": -0.22305821231525083, "x": 0.5779881771749743, "z": 0.17833413224158257}, "orientation": {"y": -0.23825746211516577, "x": 0.9695428192435467, "z": 0.01056785836176296, "w": -0.055753239989808856}}, "stability_score": 0.0}