{"GRASPA_board_pose": {"position": {"y": -0.27386144805436874, "x": 0.4084402692625945, "z": 0.13495378519665913}, "orientation": {"y": -0.010343256975380292, "x": -0.00018542027769623146, "z": -0.6942079606831694, "w": 0.7197001389318871}}, "grasped_score": "1", "object": "cracker_box", "grasp_pose": {"position": {"y": -0.061329647118333275, "x": 0.5537377491090058, "z": 0.25659760878491855}, "orientation": {"y": -0.39491813037386786, "x": 0.9184934259732661, "z": 0.0015822242535985212, "w": 0.020174075252965013}}, "stability_score": 1.0}