{"GRASPA_board_pose": {"position": {"y": -0.27331211613614187, "x": 0.4084454622915158, "z": 0.13384664708625824}, "orientation": {"y": -0.012650182316060313, "x": 0.0007943946809379726, "z": -0.6943343455560363, "w": 0.7195409358790731}}, "grasped_score": "1", "object": "mustard_bottle", "grasp_pose": {"position": {"y": 0.12492832147591074, "x": 0.545221075483373, "z": 0.25765840145127533}, "orientation": {"y": 0.5611893154451272, "x": 0.6060728677865375, "z": 0.4546680173984173, "w": -0.33319547583696957}}, "stability_score": 1.0}