{"GRASPA_board_pose": {"position": {"y": -0.2828651961744127, "x": 0.3911845782387646, "z": 0.14153490348013834}, "orientation": {"y": -0.017270110076882825, "x": 0.0012795614639082055, "z": -0.7026042528942207, "w": 0.7113700653213817}}, "grasped_score": "1", "object": "hammer", "grasp_pose": {"position": {"y": -0.12264844521652916, "x": 0.4502173535349637, "z": 0.1485538013254558}, "orientation": {"y": -0.0015055271079891562, "x": 0.9997817396051714, "z": -0.0009837712980515978, "w": 0.020814387673380202}}, "stability_score": 0.5}