{"GRASPA_board_pose": {"position": {"y": -0.278529799526047, "x": 0.41642073637812327, "z": 0.13517702071267182}, "orientation": {"y": -0.013985411069197243, "x": -0.0007377776257439752, "z": -0.6921196432328806, "w": 0.7216469104850313}}, "grasped_score": "0", "object": "tennis_ball", "grasp_pose": {"position": {"y": -0.2175689000272434, "x": 0.576788394623618, "z": 0.17414591055793302}, "orientation": {"y": 0.9897154115944387, "x": -0.0335183127216607, "z": 0.13155529034599442, "w": -0.045090268869510834}}, "stability_score": 0.0}