{"GRASPA_board_pose": {"position": {"y": -0.28424769884050816, "x": 0.41516435912369776, "z": 0.13427310803132786}, "orientation": {"y": -0.013002562413419804, "x": 0.00047786652880633967, "z": -0.6914483905746082, "w": 0.722308679295805}}, "grasped_score": "1", "object": "banana", "grasp_pose": {"position": {"y": 0.2115899604672229, "x": 0.6836319777334908, "z": 0.16523645497735437}, "orientation": {"y": 0.1511041109289827, "x": 0.9603185427444082, "z": 0.026856317842259846, "w": 0.23288319457095555}}, "stability_score": 1.0}