{"GRASPA_board_pose": {"position": {"y": -0.2856640846106626, "x": 0.3964369034251016, "z": 0.13993243830898758}, "orientation": {"y": -0.018494500659461757, "x": 0.0029234187736354553, "z": -0.7008089436975008, "w": 0.7131032404228888}}, "grasped_score": "1", "object": "hammer", "grasp_pose": {"position": {"y": -0.11434122356811349, "x": 0.4616130728210698, "z": 0.1534014611700456}, "orientation": {"y": 0.002942548848673814, "x": 0.9981076089812361, "z": -0.0389155140784955, "w": -0.04751973341718089}}, "stability_score": 0.25}