{"GRASPA_board_pose": {"position": {"y": -0.2736096273869817, "x": 0.4085072477899248, "z": 0.13396534437876453}, "orientation": {"y": -0.011855391233050096, "x": 0.0011647560676741745, "z": -0.6941553178104962, "w": 0.7197266757578348}}, "grasped_score": "1", "object": "mustard_bottle", "grasp_pose": {"position": {"y": 0.116800959941714, "x": 0.5492451898012966, "z": 0.2612006299055376}, "orientation": {"y": 0.6423701330595399, "x": 0.6005408447003296, "z": 0.36853119994862077, "w": -0.30148973558665887}}, "stability_score": 1.0}