{"GRASPA_board_pose": {"position": {"y": -0.2731277012227234, "x": 0.40819580056070026, "z": 0.13460838703594472}, "orientation": {"y": -0.012178921449595299, "x": 0.0004029617468500639, "z": -0.6948385565986568, "w": 0.7190625089364973}}, "grasped_score": "1", "object": "potted_meat_can", "grasp_pose": {"position": {"y": -0.1670125261305586, "x": 0.43974155605398174, "z": 0.206551774782044}, "orientation": {"y": 0.9565702213127902, "x": 0.2867336843863625, "z": 0.051953369113835794, "w": -0.007619276444850839}}, "stability_score": 1.0}