{"GRASPA_board_pose": {"position": {"y": -0.2845156436932573, "x": 0.4150487732259395, "z": 0.134727657539842}, "orientation": {"y": -0.011887129322532256, "x": -6.450337103404273e-05, "z": -0.6914989504840661, "w": 0.7222796504645688}}, "grasped_score": "0", "object": "banana", "grasp_pose": {"position": {"y": 0.22636587105066414, "x": 0.6614078774495897, "z": 0.16130508261952253}, "orientation": {"y": 0.003316899875130283, "x": 0.9772817015808067, "z": -0.00034706557874683065, "w": -0.2119182707461197}}, "stability_score": 0.0}