{"GRASPA_board_pose": {"position": {"y": -0.27384006419901813, "x": 0.40876733014369226, "z": 0.13433298956483875}, "orientation": {"y": -0.011663095467826406, "x": 0.000387102272037916, "z": -0.6941607534727473, "w": 0.719725413400199}}, "grasped_score": "1", "object": "mustard_bottle", "grasp_pose": {"position": {"y": 0.11546916269775684, "x": 0.5463360410977895, "z": 0.24979457999558663}, "orientation": {"y": 0.6365288256025274, "x": 0.5820812309651453, "z": 0.397544028745379, "w": -0.3130035781649497}}, "stability_score": 1.0}