{"GRASPA_board_pose": {"position": {"y": -0.273065111719686, "x": 0.4085651500083985, "z": 0.13420141890396095}, "orientation": {"y": -0.012456474101386141, "x": 0.0001567093002072825, "z": -0.6949008233652982, "w": 0.7189976755048567}}, "grasped_score": "1", "object": "potted_meat_can", "grasp_pose": {"position": {"y": -0.19289304473362184, "x": 0.46015153582690504, "z": 0.20361264344649968}, "orientation": {"y": -0.3460535631119744, "x": 0.9380865921008263, "z": 0.008633838184686955, "w": 0.01288153781057697}}, "stability_score": 1.0}