{"GRASPA_board_pose": {"position": {"y": -0.27461265728362927, "x": 0.40731065492825097, "z": 0.13461584553990974}, "orientation": {"y": -0.01220243524421869, "x": -0.00040442801189063574, "z": -0.699560959471472, "w": 0.7144686144229483}}, "grasped_score": "1", "object": "banana", "grasp_pose": {"position": {"y": 0.2302302246379769, "x": 0.648593302479828, "z": 0.15194386940661264}, "orientation": {"y": 0.9895794302169697, "x": 0.03718124233109344, "z": -0.134597272512414, "w": 0.03512379168587862}}, "stability_score": 0.5}