{"GRASPA_board_pose": {"position": {"y": -0.272899702968387, "x": 0.4087616171671561, "z": 0.13449038492249352}, "orientation": {"y": -0.012231493183031447, "x": -0.0007365720305803647, "z": -0.6949678525048194, "w": 0.7189363894121628}}, "grasped_score": "1", "object": "potted_meat_can", "grasp_pose": {"position": {"y": -0.178469934909767, "x": 0.4334645855040527, "z": 0.2030487486594448}, "orientation": {"y": -0.271844688727433, "x": 0.9619265291297745, "z": 0.0005866179106231486, "w": -0.028239575890175873}}, "stability_score": 1.0}