{"GRASPA_board_pose": {"position": {"y": -0.2729579371364084, "x": 0.40850498988357586, "z": 0.13420259506672916}, "orientation": {"y": -0.01296510672771735, "x": 0.00022240459952241098, "z": -0.6949634682868956, "w": 0.7189281148281669}}, "grasped_score": "1", "object": "potted_meat_can", "grasp_pose": {"position": {"y": -0.1683679192426753, "x": 0.4407644784849671, "z": 0.20348215835027797}, "orientation": {"y": 0.9856950230464923, "x": 0.16780355340049755, "z": -0.003664965683993916, "w": -0.015292384839421342}}, "stability_score": 1.0}