{"GRASPA_board_pose": {"position": {"y": -0.2733517718843711, "x": 0.4083158126182155, "z": 0.1332275721378225}, "orientation": {"y": -0.011601163423898699, "x": 0.001335254932572906, "z": -0.6946953110525048, "w": 0.7192093262070093}}, "grasped_score": "1", "object": "cracker_box", "grasp_pose": {"position": {"y": -0.13376948813877443, "x": 0.6215359518610907, "z": 0.2543638198074769}, "orientation": {"y": -0.43367203801985316, "x": 0.9010008131771491, "z": -0.00740203816843951, "w": -0.00844440197859092}}, "stability_score": 1.0}