{"GRASPA_board_pose": {"position": {"y": -0.2739058931495868, "x": 0.4089131738346645, "z": 0.07734549369332372}, "orientation": {"y": -0.012612044780460609, "x": 0.011975078976937779, "z": -0.7012094858271709, "w": 0.7127431450360969}}, "grasped_score": "1", "object": "banana", "grasp_pose": {"position": {"y": -0.052315497394181995, "x": 0.5071585031189185, "z": 0.07613486006358294}, "orientation": {"y": -0.6631038435582172, "x": 0.7471134644374534, "z": 0.04575876006386026, "w": -0.004571629031700194}}, "stability_score": 1.0}