{"GRASPA_board_pose": {"position": {"y": -0.27397008653008936, "x": 0.4085423344783442, "z": 0.07696301939186684}, "orientation": {"y": -0.012606950542093409, "x": 0.01208325370985461, "z": -0.7012885288507144, "w": 0.7126636367040295}}, "grasped_score": "1", "object": "potted_meat_can", "grasp_pose": {"position": {"y": -0.04115941776405051, "x": 0.6161559092985064, "z": 0.1470288738107174}, "orientation": {"y": 0.9225350729391163, "x": 0.3801853660247446, "z": 0.033304949867251785, "w": 0.057261740911276164}}, "stability_score": 1.0}