{"GRASPA_board_pose": {"position": {"y": -0.2739503143038038, "x": 0.4085876419544074, "z": 0.07667961421370151}, "orientation": {"y": -0.013411017310711263, "x": 0.012883387869086783, "z": -0.7011574671227889, "w": 0.7127638944486887}}, "grasped_score": "1", "object": "gelatin_box", "grasp_pose": {"position": {"y": 0.15338061602509306, "x": 0.6415430446166202, "z": 0.152399311894039}, "orientation": {"y": 0.9009307354084016, "x": 0.405916188046304, "z": 0.0741243385177473, "w": 0.13439285962334696}}, "stability_score": 1.0}