{"GRASPA_board_pose": {"position": {"y": -0.274104685821742, "x": 0.40873471345486784, "z": 0.07715810104140658}, "orientation": {"y": -0.012394752310518124, "x": 0.012043556403291956, "z": -0.7011551814677297, "w": 0.7127992244421124}}, "grasped_score": "1", "object": "mustard_bottle", "grasp_pose": {"position": {"y": -0.2019814193506288, "x": 0.5654188303199637, "z": 0.21392141788571972}, "orientation": {"y": 0.23909176902765716, "x": 0.8770191069017421, "z": 0.3835048022509642, "w": -0.16308488207968558}}, "stability_score": 1.0}