{"GRASPA_board_pose": {"position": {"y": -0.2740542717010629, "x": 0.4085423756619868, "z": 0.07710214933962362}, "orientation": {"y": -0.012523066869108188, "x": 0.011773562084571622, "z": -0.7012628860837548, "w": 0.7126955315094345}}, "grasped_score": "1", "object": "potted_meat_can", "grasp_pose": {"position": {"y": -0.04848432765451073, "x": 0.6315851867399014, "z": 0.14719878561520838}, "orientation": {"y": -0.4038094601405825, "x": 0.8982924586410934, "z": 0.004651076335394897, "w": -0.17316739340428056}}, "stability_score": 1.0}