{"GRASPA_board_pose": {"position": {"y": -0.2739620004188271, "x": 0.4084825209711583, "z": 0.07709290421543846}, "orientation": {"y": -0.013877033345049847, "x": 0.012028185077477901, "z": -0.7011551324279696, "w": 0.7127722153529827}}, "grasped_score": "1", "object": "foam_brick", "grasp_pose": {"position": {"y": 0.11737064110117323, "x": 0.5360952897770157, "z": 0.10268383539698123}, "orientation": {"y": 0.9694610336851005, "x": 0.1880748509558728, "z": 0.13020861556909588, "w": 0.08842438032421776}}, "stability_score": 1.0}