{"GRASPA_board_pose": {"position": {"y": -0.27395690039727694, "x": 0.4084693036526419, "z": 0.07695370618765884}, "orientation": {"y": -0.01247227546305267, "x": 0.012375125276609757, "z": -0.7012633952650522, "w": 0.712685729533357}}, "grasped_score": "1", "object": "gelatin_box", "grasp_pose": {"position": {"y": 0.15240941751801312, "x": 0.6386774739152427, "z": 0.15275861151456105}, "orientation": {"y": 0.9079754598301921, "x": 0.4143950474374088, "z": 0.022576601709286274, "w": 0.05785850033278593}}, "stability_score": 1.0}