{"GRASPA_board_pose": {"position": {"y": -0.2739458484956977, "x": 0.4085210355592346, "z": 0.07672595753413908}, "orientation": {"y": -0.012709416958862463, "x": 0.012640591872911855, "z": -0.701172074629201, "w": 0.7127667275608834}}, "grasped_score": "1", "object": "gelatin_box", "grasp_pose": {"position": {"y": 0.15757935417213786, "x": 0.6395335928797016, "z": 0.15045855528331442}, "orientation": {"y": 0.8976136076912595, "x": 0.3984273919630869, "z": 0.028333190880439424, "w": 0.18639381673088573}}, "stability_score": 1.0}