{"GRASPA_board_pose": {"position": {"y": -0.2739811270038572, "x": 0.40860019076411497, "z": 0.0772420319883132}, "orientation": {"y": -0.012727076751108594, "x": 0.011929610842464479, "z": -0.7012014800937089, "w": 0.7127497388402967}}, "grasped_score": "1", "object": "gelatin_box", "grasp_pose": {"position": {"y": 0.15910487895425776, "x": 0.6380283248141888, "z": 0.15138927864502294}, "orientation": {"y": -0.3739213341024816, "x": 0.9207124324920136, "z": -0.09696005708693613, "w": -0.05540938447012346}}, "stability_score": 1.0}