{"GRASPA_board_pose": {"position": {"y": -0.2740965630729472, "x": 0.40849895839910744, "z": 0.07655960135881212}, "orientation": {"y": -0.012464399904501398, "x": 0.012690208996950874, "z": -0.7012806347451606, "w": 0.7126633627892338}}, "grasped_score": "1", "object": "foam_brick", "grasp_pose": {"position": {"y": 0.12400603921791316, "x": 0.5240608889455043, "z": 0.09488496652461831}, "orientation": {"y": 0.987099274000612, "x": 0.13931395398189267, "z": 0.07517561734202413, "w": -0.023984829593749302}}, "stability_score": 1.0}