{"GRASPA_board_pose": {"position": {"y": -0.27394872926628183, "x": 0.4085994282084818, "z": 0.07695573919748633}, "orientation": {"y": -0.012814303310158374, "x": 0.011896948792815375, "z": -0.7012989952478991, "w": 0.712652773448882}}, "grasped_score": "0", "object": "mustard_bottle", "grasp_pose": {"position": {"y": -0.20686590495346177, "x": 0.5719422967202313, "z": 0.2259389333234303}, "orientation": {"y": 0.9192950983661304, "x": -0.16027754032343527, "z": 0.11087680014418924, "w": 0.34192684506727744}}, "stability_score": 0.0}