{"GRASPA_board_pose": {"position": {"y": -0.2523364496393918, "x": 0.455667906000343, "z": 0.07581858098479771}, "orientation": {"y": -0.011838964637733805, "x": 0.017571052485420388, "z": -0.6937239049437476, "w": 0.7199293303793501}}, "grasped_score": "1", "object": "mustard_bottle", "grasp_pose": {"position": {"y": -0.16306417006036666, "x": 0.5954998398342677, "z": 0.21642291854767587}, "orientation": {"y": 0.15437362796074292, "x": 0.9834490090073139, "z": -0.08476688822752797, "w": -0.042560596013120185}}, "stability_score": 1.0}