{"GRASPA_board_pose": {"position": {"y": -0.25258303223238887, "x": 0.45594278271525185, "z": 0.07585221492705996}, "orientation": {"y": -0.010007768764859346, "x": 0.016963764927113597, "z": -0.6935399062229239, "w": 0.7201489246816555}}, "grasped_score": "1", "object": "potted_meat_can", "grasp_pose": {"position": {"y": -0.020261964619756954, "x": 0.6550612213855145, "z": 0.14872548437600475}, "orientation": {"y": 0.926581435951022, "x": 0.37219282619227173, "z": 0.01745713860868341, "w": 0.05113307142690037}}, "stability_score": 1.0}