{"GRASPA_board_pose": {"position": {"y": -0.2790553117557164, "x": 0.3980658839603701, "z": 0.08075909014416044}, "orientation": {"y": -0.01644723786908996, "x": 0.00749769415199519, "z": -0.7003001670302543, "w": 0.7136196108616122}}, "grasped_score": "1", "object": "potted_meat_can", "grasp_pose": {"position": {"y": -0.17014267744900488, "x": 0.4386302366882403, "z": 0.1352405214726653}, "orientation": {"y": 0.9451312676816005, "x": 0.2648596764286453, "z": 0.07514742079613274, "w": 0.17586672169678022}}, "stability_score": 1.0}