{"GRASPA_board_pose": {"position": {"y": -0.27182388679048236, "x": 0.39933970224099424, "z": 0.08112328499079174}, "orientation": {"y": -0.01562203463754012, "x": 0.006774340679074407, "z": -0.7038325555292557, "w": 0.7101618084065804}}, "grasped_score": "0", "object": "hammer", "grasp_pose": {"position": {"y": 0.09440980869826773, "x": 0.43828769480285235, "z": 0.07843817671239806}, "orientation": {"y": 0.6906867786989815, "x": 0.7172893697624195, "z": 0.09084751988824433, "w": -0.013944959175650988}}, "stability_score": 0.0}