{"GRASPA_board_pose": {"position": {"y": -0.2790779029001393, "x": 0.3981896981622475, "z": 0.08113848786760258}, "orientation": {"y": -0.016181957571835822, "x": 0.006709500058802317, "z": -0.7001982264700787, "w": 0.7137335430721051}}, "grasped_score": "1", "object": "potted_meat_can", "grasp_pose": {"position": {"y": -0.16074548673335737, "x": 0.42546815752732103, "z": 0.13357491380053754}, "orientation": {"y": 0.937941801256278, "x": 0.31337473283430795, "z": 0.1097428033511835, "w": 0.10008981661377338}}, "stability_score": 1.0}