{"GRASPA_board_pose": {"position": {"y": -0.27357470079322593, "x": 0.3999014362738806, "z": 0.08204345471873592}, "orientation": {"y": -0.015408535535470816, "x": 0.005587810623668212, "z": -0.702858418589901, "w": 0.7111409120718549}}, "grasped_score": "0", "object": "hammer", "grasp_pose": {"position": {"y": 0.0722404581417062, "x": 0.4379114155438227, "z": 0.07584204672753436}, "orientation": {"y": 0.6567598077206798, "x": 0.7522165023795275, "z": 0.05321697821132875, "w": 0.0022003955692212014}}, "stability_score": 0.0}