{"GRASPA_board_pose": {"position": {"y": -0.2740658498043993, "x": 0.4007518988699566, "z": 0.08070241735208217}, "orientation": {"y": -0.015940447773709752, "x": 0.007681105711734237, "z": -0.7024353690182402, "w": 0.7115275504799708}}, "grasped_score": "1", "object": "tennis_ball", "grasp_pose": {"position": {"y": -0.1952604262826512, "x": 0.5596368453908493, "z": 0.10496028142427383}, "orientation": {"y": 0.6112178678947571, "x": 0.6976308436562577, "z": 0.3499383853163833, "w": -0.13140414920316637}}, "stability_score": 1.0}