{"GRASPA_board_pose": {"position": {"y": -0.2785415042953019, "x": 0.39817321294841335, "z": 0.08152778317234843}, "orientation": {"y": -0.014303045665546708, "x": 0.007430971842053338, "z": -0.7006719834989286, "w": 0.7133014615727693}}, "grasped_score": "1", "object": "mustard_bottle", "grasp_pose": {"position": {"y": 0.10532302062669599, "x": 0.5372220924807118, "z": 0.2118867832909796}, "orientation": {"y": 0.6959100052645726, "x": 0.5820436799695995, "z": -0.24641034863553588, "w": 0.34090520568836014}}, "stability_score": 1.0}