{"GRASPA_board_pose": {"position": {"y": -0.27386216147848247, "x": 0.40056344859207665, "z": 0.08112645595237811}, "orientation": {"y": -0.016199579355390372, "x": 0.006910684307149266, "z": -0.7025354769123489, "w": 0.7114307554152083}}, "grasped_score": "1", "object": "tennis_ball", "grasp_pose": {"position": {"y": -0.202351569478249, "x": 0.5630575042847625, "z": 0.10163397866195689}, "orientation": {"y": 0.610407136264174, "x": 0.7562478807633147, "z": 0.21901367739134317, "w": -0.08674837147915836}}, "stability_score": 1.0}