{"GRASPA_board_pose": {"position": {"y": -0.2786047709263123, "x": 0.39834444074803166, "z": 0.0811856368430337}, "orientation": {"y": -0.015060194771473256, "x": 0.006864375962137737, "z": -0.7002187250996362, "w": 0.7137365115334481}}, "grasped_score": "0", "object": "potted_meat_can", "grasp_pose": {"position": {"y": -0.1716912368479186, "x": 0.44870982985991875, "z": 0.1326443942171328}, "orientation": {"y": 0.9486033796197595, "x": 0.25264586923307164, "z": 0.17780116942762425, "w": 0.06861805217000602}}, "stability_score": 0.0}