{"GRASPA_board_pose": {"position": {"y": -0.27890774035433574, "x": 0.3988725136787393, "z": 0.08061051591559282}, "orientation": {"y": -0.014251384463029355, "x": 0.00759397174666746, "z": -0.7003253208183452, "w": 0.7136411385666329}}, "grasped_score": "1", "object": "mustard_bottle", "grasp_pose": {"position": {"y": 0.10731903068190789, "x": 0.5467747990898821, "z": 0.21297662132758338}, "orientation": {"y": 0.6202132162692621, "x": -0.5843723854958875, "z": 0.31396808206871285, "w": 0.4186508388584423}}, "stability_score": 1.0}