{"GRASPA_board_pose": {"position": {"y": -0.27878316530313646, "x": 0.3988326224964751, "z": 0.08047463265735649}, "orientation": {"y": -0.015995016859441148, "x": 0.007427816239469524, "z": -0.7002532965883972, "w": 0.7136766127586507}}, "grasped_score": "1", "object": "cracker_box", "grasp_pose": {"position": {"y": -0.09951186306043329, "x": 0.5917594661630821, "z": 0.2212286428166675}, "orientation": {"y": 0.9419770476184359, "x": 0.29495857391818736, "z": 0.1569138447334275, "w": 0.03250733399062338}}, "stability_score": 1.0}