{"GRASPA_board_pose": {"position": {"y": -0.2765044641401537, "x": 0.39846073141605787, "z": 0.08063910545033176}, "orientation": {"y": -0.01584144344513989, "x": 0.007566323229393661, "z": -0.7017430285979254, "w": 0.7122138170778309}}, "grasped_score": "1", "object": "mustard_bottle", "grasp_pose": {"position": {"y": 0.09861655079099838, "x": 0.5430046465902633, "z": 0.2089732626855738}, "orientation": {"y": 0.7481534011032595, "x": 0.6212035269831857, "z": -0.152281617596453, "w": 0.1765870194082337}}, "stability_score": 1.0}