{"GRASPA_board_pose": {"position": {"y": -0.2741331074086814, "x": 0.40094367069261416, "z": 0.08041504662127535}, "orientation": {"y": -0.015395979318288889, "x": 0.007934397557577022, "z": -0.7022148695690218, "w": 0.7117543720360211}}, "grasped_score": "1", "object": "tennis_ball", "grasp_pose": {"position": {"y": -0.21155754812089705, "x": 0.5636895523311733, "z": 0.10285355207069313}, "orientation": {"y": -0.5878753843798752, "x": 0.770462159006253, "z": -0.06401705083799862, "w": -0.23810168244185606}}, "stability_score": 1.0}