{"GRASPA_board_pose": {"position": {"y": -0.2738827776725621, "x": 0.4005894698992559, "z": 0.08016555544984849}, "orientation": {"y": -0.01674027450836135, "x": 0.008104223046031263, "z": -0.7026335408765196, "w": 0.7113087880896237}}, "grasped_score": "0", "object": "hammer", "grasp_pose": {"position": {"y": 0.06445907273995904, "x": 0.43289982994287757, "z": 0.07283412671765743}, "orientation": {"y": 0.7360200174903133, "x": -0.6765755454266239, "z": -0.016776672900883055, "w": 0.015446955382928843}}, "stability_score": 0.0}