{"GRASPA_board_pose": {"position": {"y": -0.2785768692708408, "x": 0.39922693089752365, "z": 0.07722220946429437}, "orientation": {"y": -0.015019498600017884, "x": 0.009780772326739667, "z": -0.7003228711861279, "w": 0.7136011681941914}}, "grasped_score": "1", "object": "cracker_box", "grasp_pose": {"position": {"y": -0.13315250730081635, "x": 0.6140747075964462, "z": 0.21613643377992225}, "orientation": {"y": -0.32268049666368115, "x": 0.9444643327923299, "z": -0.004363444812217948, "w": -0.06201114017166581}}, "stability_score": 1.0}