{"GRASPA_board_pose": {"position": {"y": -0.2783459022769797, "x": 0.3975834382954128, "z": 0.08130157284472239}, "orientation": {"y": -0.01560161347515459, "x": 0.006784029935736488, "z": -0.6998634270373669, "w": 0.7140740508450892}}, "grasped_score": "1", "object": "chips_can", "grasp_pose": {"position": {"y": -0.02482857763911667, "x": 0.6854479101799604, "z": 0.27321659064632814}, "orientation": {"y": -0.47673608045555843, "x": 0.5161378842989054, "z": 0.5185959405313533, "w": 0.4872192981068406}}, "stability_score": 1.0}