{"GRASPA_board_pose": {"position": {"y": -0.2782413239990645, "x": 0.3973871955191366, "z": 0.08058336455766374}, "orientation": {"y": -0.016791495211637638, "x": 0.0077464999549686974, "z": -0.7000609785326694, "w": 0.7138435849420282}}, "grasped_score": "1", "object": "chips_can", "grasp_pose": {"position": {"y": -0.015880771659589205, "x": 0.676885581309611, "z": 0.2913237173000225}, "orientation": {"y": 0.5446956323535718, "x": 0.5744295849680006, "z": 0.4333180551768956, "w": -0.43078159555179074}}, "stability_score": 1.0}