{"GRASPA_board_pose": {"position": {"y": -0.27893635452056886, "x": 0.39770521280935145, "z": 0.08041048854809607}, "orientation": {"y": -0.01679101813228923, "x": 0.00810258064659582, "z": -0.7003953042899905, "w": 0.7135116170220905}}, "grasped_score": "1", "object": "potted_meat_can", "grasp_pose": {"position": {"y": -0.1656037605227259, "x": 0.42591723414975147, "z": 0.13328320005768146}, "orientation": {"y": 0.9302174263302405, "x": 0.3161233092641735, "z": 0.10429306233335758, "w": 0.15454627216643677}}, "stability_score": 1.0}