{"GRASPA_board_pose": {"position": {"y": -0.2624522793578184, "x": 0.40583361222585645, "z": 0.1443247745122226}, "orientation": {"y": -0.0057702792825251705, "x": 0.012119503328662221, "z": -0.690605452355128, "w": 0.7231071363867441}}, "grasped_score": "1", "object": "gelatin_box", "grasp_pose": {"position": {"y": 0.21695838273215623, "x": 0.6042103772303642, "z": 0.22583143381643}, "orientation": {"y": -0.4339846524475202, "x": 0.9006961932169179, "z": 0.004759659054203614, "w": -0.01952010784410672}}, "stability_score": 0.25}