{"GRASPA_board_pose": {"position": {"y": -0.2613532424933806, "x": 0.4043839705135377, "z": 0.14406038392676668}, "orientation": {"y": -0.006086252948432951, "x": 0.012843337908832476, "z": -0.6930467728794619, "w": 0.7207525073128576}}, "grasped_score": "1", "object": "banana", "grasp_pose": {"position": {"y": -0.011392734546858338, "x": 0.49543025100374377, "z": 0.18420186193527988}, "orientation": {"y": -0.7047140926583285, "x": 0.7092034617492328, "z": -0.0018723028133826403, "w": -0.02012441139084851}}, "stability_score": 1.0}