{"GRASPA_board_pose": {"position": {"y": -0.26248940432451856, "x": 0.40584662045957176, "z": 0.1444038810086566}, "orientation": {"y": -0.005755386833797135, "x": 0.01214785392734729, "z": -0.6905682410063151, "w": 0.7231423163394581}}, "grasped_score": "1", "object": "gelatin_box", "grasp_pose": {"position": {"y": 0.17440829339219094, "x": 0.642268866995376, "z": 0.23312536877205048}, "orientation": {"y": -0.2049915020980675, "x": 0.9785514246403494, "z": 0.009285563051647431, "w": -0.01814860106825592}}, "stability_score": 1.0}