{"GRASPA_board_pose": {"position": {"y": -0.2623768138647156, "x": 0.40577996326242066, "z": 0.14378002611249766}, "orientation": {"y": -0.006451178904558151, "x": 0.0130590990817594, "z": -0.6905689704075808, "w": 0.7231198651206645}}, "grasped_score": "1", "object": "gelatin_box", "grasp_pose": {"position": {"y": 0.17762794108554542, "x": 0.6261868882961787, "z": 0.24908459973134678}, "orientation": {"y": 0.9255522997275253, "x": 0.37807859357322715, "z": 0.019338112220247495, "w": 0.005962798549069287}}, "stability_score": 1.0}