{"GRASPA_board_pose": {"position": {"y": -0.254411386500849, "x": 0.4077582839949963, "z": 0.002067687137492724}, "orientation": {"y": -0.005196582304286199, "x": 0.01405566620781499, "z": -0.7006309609040362, "w": 0.7133664488903975}}, "grasped_score": "1", "object": "potted_meat_can", "grasp_pose": {"position": {"y": -0.059279201404994014, "x": 0.653526413617015, "z": 0.1032685709291088}, "orientation": {"y": -0.35080505421153574, "x": 0.936224995930152, "z": 0.005930598321974164, "w": -0.01958057554751121}}, "stability_score": 1.0}