{"GRASPA_board_pose": {"position": {"y": -0.26147274340637416, "x": 0.4044665792815956, "z": 0.14404243890813526}, "orientation": {"y": -0.006898607931387582, "x": 0.012954545269561593, "z": -0.692939539011207, "w": 0.7208462972370768}}, "grasped_score": "1", "object": "foam_brick", "grasp_pose": {"position": {"y": 0.1469400514237652, "x": 0.5243706829900135, "z": 0.1780478908823031}, "orientation": {"y": 0.9857209136800925, "x": 0.1671791263849243, "z": 0.017481792271775057, "w": 0.009990344029277256}}, "stability_score": 1.0}