{"GRASPA_board_pose": {"position": {"y": -0.26138328138338995, "x": 0.40437682723353324, "z": 0.14416693447880322}, "orientation": {"y": -0.0061241152713158295, "x": 0.012574988059201883, "z": -0.6931334527954932, "w": 0.7206735609853135}}, "grasped_score": "1", "object": "foam_brick", "grasp_pose": {"position": {"y": 0.14970505169335224, "x": 0.5470586712787067, "z": 0.1733135580528603}, "orientation": {"y": 0.9903418321570593, "x": 0.13716849011509727, "z": 0.01717233808780748, "w": 0.010628810090584459}}, "stability_score": 1.0}