{"GRASPA_board_pose": {"position": {"y": -0.2539650635176963, "x": 0.40779754158045417, "z": 0.002602460877379531}, "orientation": {"y": -0.004284212037905961, "x": 0.012809101932357144, "z": -0.7004611083790521, "w": 0.7135627569340278}}, "grasped_score": "0", "object": "mustard_bottle", "grasp_pose": {"position": {"y": -0.19080582943749255, "x": 0.5635295131937617, "z": 0.18941625389320926}, "orientation": {"y": 0.7187939452385813, "x": -0.6949236146045454, "z": 0.003179097033408847, "w": 0.0201575667023664}}, "stability_score": 0.0}