{"GRASPA_board_pose": {"position": {"y": -0.2624604275931675, "x": 0.40584822799038, "z": 0.1443780293398312}, "orientation": {"y": -0.005595634562177897, "x": 0.012142338508008797, "z": -0.6906097711248984, "w": 0.7231040011756392}}, "grasped_score": "0", "object": "gelatin_box", "grasp_pose": {"position": {"y": 0.21611901315484788, "x": 0.6133175716096512, "z": 0.21960700181898307}, "orientation": {"y": -0.3285155181148015, "x": 0.9442815796653666, "z": 0.007031237515715939, "w": -0.01898458220349417}}, "stability_score": 0.0}