{"GRASPA_board_pose": {"position": {"y": -0.2539480310126324, "x": 0.40782692020265426, "z": 0.0030429419838426397}, "orientation": {"y": -0.004999222850729986, "x": 0.012542506393110876, "z": -0.7005211036141316, "w": 0.7135039430132861}}, "grasped_score": "0", "object": "mustard_bottle", "grasp_pose": {"position": {"y": -0.19315403642988072, "x": 0.5645946354736306, "z": 0.1803776524467926}, "orientation": {"y": -0.6998938069979871, "x": 0.7139550011258686, "z": -0.002593280556568435, "w": -0.020253152573863495}}, "stability_score": 0.0}