{"GRASPA_board_pose": {"position": {"y": -0.2627569398539623, "x": 0.40366654577123084, "z": 0.14431209857690466}, "orientation": {"y": -0.0058769359730730724, "x": 0.01235203536669837, "z": -0.6932302878895396, "w": 0.7205863284842796}}, "grasped_score": "1", "object": "banana", "grasp_pose": {"position": {"y": -0.014394965190753652, "x": 0.4943795552960287, "z": 0.1836802025643497}, "orientation": {"y": 0.7215304210278095, "x": 0.6920905650855886, "z": 0.020046436623009072, "w": -0.0016253090974914577}}, "stability_score": 1.0}