{"GRASPA_board_pose": {"position": {"y": -0.26136919407434706, "x": 0.4043016894028303, "z": 0.1443686982972427}, "orientation": {"y": -0.00615154886012083, "x": 0.012288569031550947, "z": -0.6931063711126146, "w": 0.7207043137382215}}, "grasped_score": "1", "object": "foam_brick", "grasp_pose": {"position": {"y": 0.11077947652423073, "x": 0.549673417887015, "z": 0.19753347233112561}, "orientation": {"y": 0.9110218395350329, "x": 0.4118613931346548, "z": 0.01953782940276406, "w": 0.0052606043012383445}}, "stability_score": 1.0}