{"GRASPA_board_pose": {"position": {"y": -0.26131917944279526, "x": 0.40428568566107714, "z": 0.14379199591557112}, "orientation": {"y": -0.006334039275773622, "x": 0.013272789516498837, "z": -0.6931462399943565, "w": 0.7206469336551634}}, "grasped_score": "1", "object": "foam_brick", "grasp_pose": {"position": {"y": 0.13645556382872143, "x": 0.5466271341875284, "z": 0.1968085600868762}, "orientation": {"y": 0.9671322409637347, "x": 0.25346735727898434, "z": 0.018358186710921376, "w": 0.008514943520610305}}, "stability_score": 1.0}