{"GRASPA_board_pose": {"position": {"y": -0.26275844282806204, "x": 0.4036352418030535, "z": 0.14445129933915088}, "orientation": {"y": -0.0064044519967273745, "x": 0.012520820339542557, "z": -0.6933978294419183, "w": 0.7204176997949752}}, "grasped_score": "1", "object": "banana", "grasp_pose": {"position": {"y": -0.06069146806645081, "x": 0.5052746882144201, "z": 0.18137598135593436}, "orientation": {"y": -0.5624544341963129, "x": 0.8265736176326708, "z": 0.001583195627121575, "w": -0.020458679775373204}}, "stability_score": 1.0}