{"GRASPA_board_pose": {"position": {"y": -0.2543430781762339, "x": 0.4077239726586347, "z": 0.002436036915687334}, "orientation": {"y": -0.004947413061851272, "x": 0.013753875979996536, "z": -0.7007542178995835, "w": 0.7132530266991269}}, "grasped_score": "1", "object": "potted_meat_can", "grasp_pose": {"position": {"y": -0.006339766983484155, "x": 0.6082773363141263, "z": 0.10393056091354846}, "orientation": {"y": -0.4140762770238724, "x": 0.910016975425081, "z": 0.005267277818905818, "w": -0.019549860066386402}}, "stability_score": 1.0}