{"GRASPA_board_pose": {"position": {"y": -0.26138801330299444, "x": 0.4047095096339025, "z": 0.14406218474756613}, "orientation": {"y": -0.005470589924874749, "x": 0.012477645820598182, "z": -0.6928635580926702, "w": 0.7209399911697331}}, "grasped_score": "1", "object": "foam_brick", "grasp_pose": {"position": {"y": 0.1411179862989401, "x": 0.48378779156731444, "z": 0.19101234647097554}, "orientation": {"y": 0.9992917449616084, "x": 0.031816980550244824, "z": 0.015935285578740625, "w": 0.012237437385873337}}, "stability_score": 0.25}