{"GRASPA_board_pose": {"position": {"y": -0.2543404910009435, "x": 0.4076993848854249, "z": 0.002784368367601764}, "orientation": {"y": -0.0059489190073794, "x": 0.013549481815970751, "z": -0.7007322482391233, "w": 0.7132708729388201}}, "grasped_score": "0", "object": "potted_meat_can", "grasp_pose": {"position": {"y": -0.007560613384493563, "x": 0.600354905804715, "z": 0.10446395600291314}, "orientation": {"y": 0.9620532110043981, "x": 0.2720929805753311, "z": 0.019033381487504587, "w": 0.00753389055608879}}, "stability_score": 0.0}