{"GRASPA_board_pose": {"position": {"y": -0.2540181610337637, "x": 0.40800915496538104, "z": 0.002275729385410208}, "orientation": {"y": -0.0048831266262188205, "x": 0.013829777029639346, "z": -0.7002877889253735, "w": 0.7137099586132132}}, "grasped_score": "0", "object": "mustard_bottle", "grasp_pose": {"position": {"y": -0.19311657213071431, "x": 0.5628304685600856, "z": 0.18038232276844046}, "orientation": {"y": 0.9592465621903944, "x": -0.28182581097101245, "z": 0.01213482890535152, "w": 0.016522443036031474}}, "stability_score": 0.0}