{"GRASPA_board_pose": {"position": {"y": -0.262763522462609, "x": 0.4036016451417217, "z": 0.1440830378067505}, "orientation": {"y": -0.0063129853208633326, "x": 0.01287896455482217, "z": -0.6932780878937422, "w": 0.7205274258033006}}, "grasped_score": "1", "object": "banana", "grasp_pose": {"position": {"y": -0.025968102027744876, "x": 0.4987867978508066, "z": 0.18275498355475717}, "orientation": {"y": 0.6866721367681946, "x": 0.7266886642013493, "z": 0.019974364336665707, "w": -0.0024467686459194436}}, "stability_score": 1.0}