{"GRASPA_board_pose": {"position": {"y": -0.25400177901532933, "x": 0.40789542647747357, "z": 0.0028594689329978773}, "orientation": {"y": -0.004963754950284123, "x": 0.012661423753188834, "z": -0.7003799361214608, "w": 0.713640662072891}}, "grasped_score": "0", "object": "mustard_bottle", "grasp_pose": {"position": {"y": -0.1847894975762225, "x": 0.5680308200936439, "z": 0.1902430771854985}, "orientation": {"y": -0.6944664112176235, "x": 0.7192342524710115, "z": -0.002372842200094091, "w": -0.020319039910234492}}, "stability_score": 0.0}