{"GRASPA_board_pose": {"position": {"y": -0.2539706450486376, "x": 0.4078261391305146, "z": 0.0030808396199325516}, "orientation": {"y": -0.004715529236871045, "x": 0.012552239140708294, "z": -0.7004911011090692, "w": 0.7135351584495148}}, "grasped_score": "1", "object": "mustard_bottle", "grasp_pose": {"position": {"y": -0.18303676571748748, "x": 0.5662869302606139, "z": 0.17624847285135492}, "orientation": {"y": 0.7694896831517316, "x": 0.6383293097109675, "z": 0.02050990024214248, "w": -0.0008147877176201887}}, "stability_score": 0.25}