{"GRASPA_board_pose": {"position": {"y": -0.2629174914825285, "x": 0.40384218932072397, "z": 0.14398130814796556}, "orientation": {"y": -0.006034255064836107, "x": 0.013008343979504183, "z": -0.6931017586960884, "w": 0.7206971089473807}}, "grasped_score": "1", "object": "banana", "grasp_pose": {"position": {"y": -0.06524125661095076, "x": 0.5062309706068095, "z": 0.18102690154035028}, "orientation": {"y": 0.8048709226424514, "x": 0.5931086908465191, "z": 0.020098171072256248, "w": 0.0009706938591261607}}, "stability_score": 1.0}