{"GRASPA_board_pose": {"position": {"y": -0.254423451430012, "x": 0.4078614900653945, "z": 0.0013791497950045861}, "orientation": {"y": -0.007045544841689456, "x": 0.014628836689123893, "z": -0.7004867332205447, "w": 0.7134806893091195}}, "grasped_score": "1", "object": "potted_meat_can", "grasp_pose": {"position": {"y": -0.03641380236690953, "x": 0.6442847060421364, "z": 0.09218625343593179}, "orientation": {"y": 0.9253596731748961, "x": 0.37852375156744744, "z": 0.019910728303778397, "w": 0.005727797078101924}}, "stability_score": 1.0}