{"GRASPA_board_pose": {"position": {"y": -0.25348795157180926, "x": 0.4080118799550405, "z": 0.0013023935061826086}, "orientation": {"y": -0.0062156187300705925, "x": 0.013659585561855698, "z": -0.7009897465835063, "w": 0.7130134339483879}}, "grasped_score": "1", "object": "potted_meat_can", "grasp_pose": {"position": {"y": -0.062397570637235764, "x": 0.6440316911129776, "z": 0.10327944148357193}, "orientation": {"y": 0.8708395131194308, "x": 0.4911349342956182, "z": 0.020410848594911272, "w": 0.0029010280914286046}}, "stability_score": 1.0}