{"GRASPA_board_pose": {"position": {"y": -0.26228996538377886, "x": 0.40581949587043187, "z": 0.144179156144136}, "orientation": {"y": -0.006888510563128649, "x": 0.012437757137681164, "z": -0.6905541968792299, "w": 0.7231408934585896}}, "grasped_score": "1", "object": "gelatin_box", "grasp_pose": {"position": {"y": 0.20355627617494781, "x": 0.609448769848696, "z": 0.22577357208590498}, "orientation": {"y": 0.9484549413125374, "x": 0.31626611104784846, "z": 0.018848921643464793, "w": 0.0073273088770531}}, "stability_score": 1.0}