{"GRASPA_board_pose": {"position": {"y": -0.2738448754767661, "x": 0.408430612668332, "z": 0.07672578303878319}, "orientation": {"y": -0.013514703441733113, "x": 0.012339979559979416, "z": -0.7014719434639421, "w": 0.7124620623080653}}, "grasped_score": "0", "object": "mustard_bottle", "grasp_pose": {"position": {"y": -0.20428866936758827, "x": 0.5704386304461061, "z": 0.2240612356136782}, "orientation": {"y": 0.31787211728593256, "x": 0.9038409052299279, "z": -0.28411425656738865, "w": 0.036166618593154724}}, "stability_score": 0.0}