{"GRASPA_board_pose": {"position": {"y": -0.27415576976492123, "x": 0.40865663776918, "z": 0.07699145918733602}, "orientation": {"y": -0.01231820786031104, "x": 0.01218419430080773, "z": -0.7011245497160992, "w": 0.7128282913505519}}, "grasped_score": "1", "object": "potted_meat_can", "grasp_pose": {"position": {"y": -0.04535011808495788, "x": 0.6221133328784674, "z": 0.14964973053662145}, "orientation": {"y": 0.9221763983745643, "x": 0.3423619212679907, "z": 0.04843636549693436, "w": 0.17330009706879687}}, "stability_score": 1.0}