{"GRASPA_board_pose": {"position": {"y": -0.2740165597983093, "x": 0.4088981117287505, "z": 0.07650806861282444}, "orientation": {"y": -0.012711739760600629, "x": 0.01308975611816761, "z": -0.7011926989102412, "w": 0.7127382892422698}}, "grasped_score": "1", "object": "banana", "grasp_pose": {"position": {"y": -0.06468004461842368, "x": 0.5086226189233691, "z": 0.07744471357895133}, "orientation": {"y": -0.6614879177811902, "x": 0.7488843802499255, "z": 0.0005794067183333859, "w": -0.04006973839501334}}, "stability_score": 1.0}