{"GRASPA_board_pose": {"position": {"y": -0.27387452968306913, "x": 0.4085074878217922, "z": 0.07676936585268451}, "orientation": {"y": -0.013002104230238115, "x": 0.012350337915878461, "z": -0.7012824271401191, "w": 0.712657962716627}}, "grasped_score": "1", "object": "foam_brick", "grasp_pose": {"position": {"y": 0.11318049982605055, "x": 0.5372923182499452, "z": 0.09727795048969168}, "orientation": {"y": -0.44444221980285725, "x": 0.8246276684892515, "z": 0.311703437056966, "w": 0.15906378891993042}}, "stability_score": 1.0}