{"GRASPA_board_pose": {"position": {"y": -0.2739731228898794, "x": 0.4090405386609386, "z": 0.07661914410191667}, "orientation": {"y": -0.012790181103840621, "x": 0.012966709258187029, "z": -0.7011177594721874, "w": 0.7128128527678529}}, "grasped_score": "1", "object": "banana", "grasp_pose": {"position": {"y": -0.05010424085644616, "x": 0.5061809700454084, "z": 0.07872176927357133}, "orientation": {"y": -0.6564428146296096, "x": 0.7530311729914585, "z": -0.017572959223979855, "w": -0.04144966499715366}}, "stability_score": 1.0}