{"GRASPA_board_pose": {"position": {"y": -0.25044904509389415, "x": 0.46532274278343777, "z": 0.07524551385244244}, "orientation": {"y": -0.01113860826207068, "x": 0.017704632715548653, "z": -0.6927227426835874, "w": 0.7209006028262983}}, "grasped_score": "1", "object": "banana", "grasp_pose": {"position": {"y": -0.03513983168834035, "x": 0.556970010952076, "z": 0.08342153510119543}, "orientation": {"y": -0.5883625028170908, "x": 0.8025493866112364, "z": -0.059014023272410045, "w": -0.07912896047554357}}, "stability_score": 1.0}