{"GRASPA_board_pose": {"position": {"y": -0.250443303797108, "x": 0.4660673348083747, "z": 0.07545239623250194}, "orientation": {"y": -0.011894536406800845, "x": 0.018880756089912912, "z": -0.692883227102947, "w": 0.7207044266913771}}, "grasped_score": "1", "object": "banana", "grasp_pose": {"position": {"y": 0.0019171737814586247, "x": 0.5577307395813738, "z": 0.08152613109675366}, "orientation": {"y": 0.7670246492474623, "x": 0.6405809413142879, "z": 0.0351279088524854, "w": -0.009760896032656636}}, "stability_score": 1.0}