{"GRASPA_board_pose": {"position": {"y": -0.2503801070892653, "x": 0.465244668058506, "z": 0.07556118038623738}, "orientation": {"y": -0.01164770051313794, "x": 0.017864329561251703, "z": -0.6927619257251446, "w": 0.7208509631454151}}, "grasped_score": "1", "object": "banana", "grasp_pose": {"position": {"y": -0.02850295135296032, "x": 0.5530186651289583, "z": 0.08072192907408748}, "orientation": {"y": -0.6562595940033367, "x": 0.752134027544969, "z": 0.04206642261605447, "w": 0.04299030095087778}}, "stability_score": 1.0}