{"GRASPA_board_pose": {"position": {"y": -0.25242350543139236, "x": 0.45571039571415745, "z": 0.07633382800606786}, "orientation": {"y": -0.01150894556842283, "x": 0.016910549483739722, "z": -0.6936672094746846, "w": 0.7200051249731944}}, "grasped_score": "1", "object": "mustard_bottle", "grasp_pose": {"position": {"y": -0.15800931125583625, "x": 0.6007435906957748, "z": 0.20943855875709688}, "orientation": {"y": 0.1631212189588221, "x": 0.9813576565948728, "z": 0.10154892199184384, "w": -0.004053912961876388}}, "stability_score": 1.0}