{"GRASPA_board_pose": {"position": {"y": -0.25252796553536483, "x": 0.45597509261213265, "z": 0.07627779022585501}, "orientation": {"y": -0.010719442718203773, "x": 0.016808422221225437, "z": -0.6935273327877864, "w": 0.7201544342476155}}, "grasped_score": "1", "object": "potted_meat_can", "grasp_pose": {"position": {"y": -0.02202432484100528, "x": 0.6624268655478054, "z": 0.15199093718199985}, "orientation": {"y": 0.9488587073774718, "x": 0.31228580594142297, "z": 0.04438974954541675, "w": -0.013201476310025393}}, "stability_score": 1.0}