{"GRASPA_board_pose": {"position": {"y": -0.2525982746079698, "x": 0.45590241938777715, "z": 0.07614861699541875}, "orientation": {"y": -0.01006005283935651, "x": 0.016615008109742153, "z": -0.6935870442992189, "w": 0.7201109281372253}}, "grasped_score": "1", "object": "potted_meat_can", "grasp_pose": {"position": {"y": -0.01350640213174312, "x": 0.6586965022536677, "z": 0.14717874027680866}, "orientation": {"y": -0.36329879901555096, "x": 0.9253981372944953, "z": -0.016258144189804695, "w": -0.10671430491382411}}, "stability_score": 1.0}