{"GRASPA_board_pose": {"position": {"y": -0.25238754463860114, "x": 0.4559063482848038, "z": 0.07605891033730672}, "orientation": {"y": -0.010652784532841656, "x": 0.016728348749449864, "z": -0.6935012704436632, "w": 0.7201823855266376}}, "grasped_score": "1", "object": "gelatin_box", "grasp_pose": {"position": {"y": 0.1889517542221376, "x": 0.67185620781448, "z": 0.15831035385768688}, "orientation": {"y": 0.9306395887284257, "x": 0.3645949283790052, "z": -0.002661726881430882, "w": 0.031199508036239235}}, "stability_score": 1.0}