{"GRASPA_board_pose": {"position": {"y": -0.2696604679503879, "x": 0.41347650192303986, "z": 0.0827863074035593}, "orientation": {"y": -0.018654196152625833, "x": 0.004397208431370159, "z": -0.6978504053881113, "w": 0.7159870789501436}}, "grasped_score": "1", "object": "pear", "grasp_pose": {"position": {"y": -0.027684620528455058, "x": 0.5184876996286376, "z": 0.10213784343601118}, "orientation": {"y": -0.011216911822205916, "x": 0.9634608761860362, "z": 0.21267061710553795, "w": -0.16244546644322788}}, "stability_score": 1.0}