{"GRASPA_board_pose": {"position": {"y": -0.2704330561070975, "x": 0.4120968937910062, "z": 0.08237259258616925}, "orientation": {"y": -0.01607362066688857, "x": 0.004617911363771121, "z": -0.698761406191402, "w": 0.7151592905295349}}, "grasped_score": "0", "object": "scissors", "grasp_pose": {"position": {"y": 0.09519887941573457, "x": 0.5477033197531098, "z": 0.07961284184012507}, "orientation": {"y": 0.8136148134950679, "x": 0.5141452260795307, "z": -0.13547981827272967, "w": 0.23522508497565175}}, "stability_score": 0.0}