{"GRASPA_board_pose": {"position": {"y": -0.2695151302659163, "x": 0.40667897631634914, "z": 0.07946723800478045}, "orientation": {"y": -0.015472696261166803, "x": 0.007223178770595239, "z": -0.7027896018672463, "w": 0.7111927986602052}}, "grasped_score": "0", "object": "mustard_bottle", "grasp_pose": {"position": {"y": -0.2021288653589679, "x": 0.6831836597045875, "z": 0.22736527129976353}, "orientation": {"y": 0.7928597634006973, "x": -0.21052795233913285, "z": 0.23394310052487824, "w": 0.5218448069885233}}, "stability_score": 0.0}