{"GRASPA_board_pose": {"position": {"y": -0.2694664208730243, "x": 0.41294031946360704, "z": 0.08043329618532608}, "orientation": {"y": -0.02025709412385526, "x": 0.006537361562669689, "z": -0.6980843449961063, "w": 0.7156990710576713}}, "grasped_score": "1", "object": "strawberry", "grasp_pose": {"position": {"y": -0.10064858195967737, "x": 0.6267675638221168, "z": 0.08964190747272571}, "orientation": {"y": -0.5760131351551462, "x": 0.8169503682423633, "z": -0.016303294907604005, "w": -0.023133666647596956}}, "stability_score": 1.0}