{"GRASPA_board_pose": {"position": {"y": -0.27096534899252517, "x": 0.40739268041516186, "z": 0.07834595534888006}, "orientation": {"y": -0.011768986041704104, "x": 0.008416312502983664, "z": -0.7023416719950869, "w": 0.7116929340878326}}, "grasped_score": "1", "object": "chips_can", "grasp_pose": {"position": {"y": -0.09236171722662079, "x": 0.6735514933966881, "z": 0.2855543245259226}, "orientation": {"y": 0.6257891352416175, "x": 0.5818066564856144, "z": -0.36606622496997804, "w": 0.36862513698716826}}, "stability_score": 1.0}