{"GRASPA_board_pose": {"position": {"y": -0.27054098341027194, "x": 0.41081056851649905, "z": 0.08319381510056298}, "orientation": {"y": -0.017920228549076177, "x": 0.004172443073249058, "z": -0.6997980020608533, "w": 0.714103782680912}}, "grasped_score": "1", "object": "medium_clamp", "grasp_pose": {"position": {"y": 0.06850539306238596, "x": 0.6539642716872283, "z": 0.0798756877769985}, "orientation": {"y": -0.5545483270033235, "x": 0.8294400576868501, "z": -0.0028185896643122817, "w": 0.06706265186043403}}, "stability_score": 1.0}