{"GRASPA_board_pose": {"position": {"y": -0.2709224322056215, "x": 0.4134465823915449, "z": 0.08058830871640638}, "orientation": {"y": -0.018480088066662844, "x": 0.008138691636667283, "z": -0.6971408977170103, "w": 0.7166497169285793}}, "grasped_score": "1", "object": "pear", "grasp_pose": {"position": {"y": -0.029867608425160765, "x": 0.5047162410679226, "z": 0.09794935582033926}, "orientation": {"y": 0.9752128966612064, "x": 0.04738026930627138, "z": -0.06847271994716359, "w": 0.2050034216523279}}, "stability_score": 1.0}