{"GRASPA_board_pose": {"position": {"y": -0.27092396839718863, "x": 0.41466921139062973, "z": 0.07890193637653081}, "orientation": {"y": -0.01664179170702574, "x": 0.008535038730055863, "z": -0.6980702117187395, "w": 0.7157850119928544}}, "grasped_score": "1", "object": "scissors", "grasp_pose": {"position": {"y": 0.1061892212406509, "x": 0.557182040481629, "z": 0.07370458967317084}, "orientation": {"y": 0.8651004124235295, "x": 0.5015339107167612, "z": 0.008058849191889341, "w": 0.00026033726891136195}}, "stability_score": 1.0}