{"GRASPA_board_pose": {"position": {"y": -0.270748683589999, "x": 0.41393950532908624, "z": 0.0788032333898891}, "orientation": {"y": -0.019646798727786772, "x": 0.009578098104100773, "z": -0.6970378639428673, "w": 0.7167011089473929}}, "grasped_score": "1", "object": "pear", "grasp_pose": {"position": {"y": -0.034249642696575704, "x": 0.505867237957237, "z": 0.09359922210667493}, "orientation": {"y": 0.26763494433376517, "x": 0.9125674299373435, "z": 0.30107290147550725, "w": -0.07033726171904671}}, "stability_score": 1.0}