{"GRASPA_board_pose": {"position": {"y": -0.2684262690925792, "x": 0.4047803192998445, "z": 0.08005507058184974}, "orientation": {"y": -0.019320113884767717, "x": 0.0076216015488392245, "z": -0.7042259674987842, "w": 0.7096720588340163}}, "grasped_score": "1", "object": "chips_can", "grasp_pose": {"position": {"y": -0.07087605418304724, "x": 0.6844196459820218, "z": 0.2927847628683714}, "orientation": {"y": 0.6077866540917666, "x": 0.44085867284191477, "z": -0.411073171596962, "w": 0.516969884307796}}, "stability_score": 1.0}