{"GRASPA_board_pose": {"position": {"y": -0.273072635380932, "x": 0.40766817807283046, "z": 0.07998514014099667}, "orientation": {"y": -0.010177553722285033, "x": 0.008119939451177893, "z": -0.7016069299872962, "w": 0.712445225808511}}, "grasped_score": "1", "object": "mustard_bottle", "grasp_pose": {"position": {"y": 0.13268707208265512, "x": 0.5691786638794529, "z": 0.13593869536406578}, "orientation": {"y": 0.6007916000605655, "x": 0.46545139962016485, "z": -0.33894689984367443, "w": 0.5545443597897801}}, "stability_score": 1.0}