{"GRASPA_board_pose": {"position": {"y": -0.27541212461761067, "x": 0.40857528088213635, "z": 0.07832790388577954}, "orientation": {"y": -0.012317804373274012, "x": 0.0099503394146487, "z": -0.701038824817673, "w": 0.7129472831417558}}, "grasped_score": "0", "object": "hammer", "grasp_pose": {"position": {"y": 0.12335437287828802, "x": 0.4474135758477163, "z": 0.07449366917246347}, "orientation": {"y": 0.7532022797916522, "x": -0.6541428065440649, "z": 0.04278847135223519, "w": 0.054338394185424514}}, "stability_score": 0.0}