{"GRASPA_board_pose": {"position": {"y": -0.27346526285016737, "x": 0.40701716318110065, "z": 0.07990969253353708}, "orientation": {"y": -0.009835868315008663, "x": 0.007901945858336139, "z": -0.7027892515505564, "w": 0.7112862172509394}}, "grasped_score": "1", "object": "tennis_ball", "grasp_pose": {"position": {"y": -0.2090625796087601, "x": 0.5642743513108708, "z": 0.09905905956149919}, "orientation": {"y": -0.6266861880942717, "x": 0.7731146485148954, "z": 0.0034543334080913268, "w": 0.09770480788715992}}, "stability_score": 1.0}