{"GRASPA_board_pose": {"position": {"y": -0.2738171225697768, "x": 0.4074087922203055, "z": 0.07675665074292953}, "orientation": {"y": -0.010431126861634036, "x": 0.011626128750971647, "z": -0.7022436619423652, "w": 0.7117653152440344}}, "grasped_score": "1", "object": "chips_can", "grasp_pose": {"position": {"y": -0.030347784426418296, "x": 0.6923784329404883, "z": 0.2979970915621014}, "orientation": {"y": 0.7843292886493367, "x": -0.10870795633258475, "z": 0.02566666097838093, "w": 0.6102060059611334}}, "stability_score": 0.0}