{"GRASPA_board_pose": {"position": {"y": -0.27354670709160617, "x": 0.40817087738070373, "z": 0.07902946478128847}, "orientation": {"y": -0.009445186546239236, "x": 0.009647128265547247, "z": -0.7014303191169872, "w": 0.7126101520402136}}, "grasped_score": "1", "object": "cracker_box", "grasp_pose": {"position": {"y": -0.07237230760860464, "x": 0.5770949157794223, "z": 0.225720063386465}, "orientation": {"y": 0.8802174649791646, "x": 0.45876165302567146, "z": 0.11431997583980927, "w": 0.041059751372749205}}, "stability_score": 1.0}