{"GRASPA_board_pose": {"position": {"y": -0.2731749982713513, "x": 0.40686209552882047, "z": 0.07780333634213465}, "orientation": {"y": -0.01268987908507327, "x": 0.010615849574996058, "z": -0.7026955100792679, "w": 0.7112983135232677}}, "grasped_score": "1", "object": "tennis_ball", "grasp_pose": {"position": {"y": -0.211627467166424, "x": 0.5583296640626564, "z": 0.09758155958338}, "orientation": {"y": 0.8198353575221161, "x": 0.5573515913271798, "z": -0.08421373316816132, "w": -0.10068384849381924}}, "stability_score": 1.0}