{"GRASPA_board_pose": {"position": {"y": -0.2734862352886616, "x": 0.408112992545745, "z": 0.0796201368793189}, "orientation": {"y": -0.009217350639542616, "x": 0.008571381183943644, "z": -0.7014169702304504, "w": 0.712640025359594}}, "grasped_score": "1", "object": "banana", "grasp_pose": {"position": {"y": 0.22647849310854512, "x": 0.6766431873220424, "z": 0.09354415253013348}, "orientation": {"y": -0.03695931110513212, "x": 0.991084030905491, "z": 0.11043593420890091, "w": -0.0647329702869036}}, "stability_score": 1.0}