{"GRASPA_board_pose": {"position": {"y": -0.2677326626072037, "x": 0.40223767325916604, "z": 0.13127096737555047}, "orientation": {"y": -0.011593382721480621, "x": 0.003582222222126306, "z": -0.6870080010034634, "w": 0.7265485308761209}}, "grasped_score": "0", "object": "scissors", "grasp_pose": {"position": {"y": 0.1764360077330727, "x": 0.44879391418417, "z": 0.14206032649099506}, "orientation": {"y": 0.9761918013870723, "x": 0.20365545476644162, "z": -0.017493388472934204, "w": 0.07258101685889717}}, "stability_score": 0.0}