{"GRASPA_board_pose": {"position": {"y": -0.27049897492443026, "x": 0.3949908200985769, "z": 0.1280625995583648}, "orientation": {"y": -0.014342887058184756, "x": 0.00620393837900174, "z": -0.6977406056739189, "w": 0.716180033185245}}, "grasped_score": "0", "object": "strawberry", "grasp_pose": {"position": {"y": -0.1127200254623465, "x": 0.589937051418111, "z": 0.15296412914198526}, "orientation": {"y": 0.3190059967625818, "x": 0.8346335488989083, "z": 0.41135646547104193, "w": -0.18002186366410286}}, "stability_score": 0.0}