{"GRASPA_board_pose": {"position": {"y": -0.27051066130445384, "x": 0.40101905519735004, "z": 0.12719882122319073}, "orientation": {"y": -0.012984680849673181, "x": 0.007718311987044589, "z": -0.6934888680906603, "w": 0.7203089722873356}}, "grasped_score": "1", "object": "tomato_soup_can", "grasp_pose": {"position": {"y": 0.2059340832521097, "x": 0.398684973294264, "z": 0.19713206937261113}, "orientation": {"y": 0.939519675865559, "x": 0.29658439687840776, "z": 0.08614350121654667, "w": -0.14805327212831462}}, "stability_score": 1.0}