{"GRASPA_board_pose": {"position": {"y": -0.27524777119904936, "x": 0.39872743793669296, "z": 0.12788978652174166}, "orientation": {"y": -0.012837799837149298, "x": 0.005820535780802728, "z": -0.6929006156828331, "w": 0.7208953107386095}}, "grasped_score": "1", "object": "mustard_bottle", "grasp_pose": {"position": {"y": -0.20571431316170685, "x": 0.6698964527175829, "z": 0.25462600551601133}, "orientation": {"y": 0.8451766947542955, "x": -0.16750809536825523, "z": 0.1333106603042561, "w": 0.48974040111016687}}, "stability_score": 1.0}