{"GRASPA_board_pose": {"position": {"y": -0.2708470851991454, "x": 0.39526184227122446, "z": 0.12900836166220306}, "orientation": {"y": -0.010579513515571053, "x": 0.0048843505537800955, "z": -0.6973287837940292, "w": 0.7166566711513832}}, "grasped_score": "1", "object": "strawberry", "grasp_pose": {"position": {"y": -0.10439692117264651, "x": 0.6022270581013577, "z": 0.14671168910718763}, "orientation": {"y": -0.3769657783614611, "x": 0.9213437189677006, "z": -0.09319245137806485, "w": -0.018377172504270237}}, "stability_score": 1.0}