{"GRASPA_board_pose": {"position": {"y": -0.27114496272832367, "x": 0.3961743203790257, "z": 0.12985922646712328}, "orientation": {"y": -0.010062471941912591, "x": 0.004129611958830243, "z": -0.6876470268574942, "w": 0.7259636763761229}}, "grasped_score": "1", "object": "medium_clamp", "grasp_pose": {"position": {"y": 0.07405663780787052, "x": 0.6258237173055277, "z": 0.15489029693875256}, "orientation": {"y": 0.8407870449989103, "x": 0.5403206446513107, "z": 0.011501885388211317, "w": 0.03159829992434359}}, "stability_score": 1.0}