{"GRASPA_board_pose": {"position": {"y": -0.2764589946675337, "x": 0.3997733376422963, "z": 0.12615807356438963}, "orientation": {"y": -0.012502687047041607, "x": 0.0075597589528711845, "z": -0.6915683070425175, "w": 0.7221632845524096}}, "grasped_score": "1", "object": "mustard_bottle", "grasp_pose": {"position": {"y": -0.20540062620227462, "x": 0.6745684861280287, "z": 0.25915177305799436}, "orientation": {"y": 0.8852580937259077, "x": -0.1460532293394366, "z": 0.1334631038491413, "w": 0.4209206119961905}}, "stability_score": 1.0}