{"GRASPA_board_pose": {"position": {"y": -0.2757252128290324, "x": 0.3987794977288905, "z": 0.12720645009756318}, "orientation": {"y": -0.014378292334666287, "x": 0.007526938334580351, "z": -0.6923668774521923, "w": 0.7213630964472382}}, "grasped_score": "0", "object": "tennis_ball", "grasp_pose": {"position": {"y": -0.15155813912177446, "x": 0.4525165782485442, "z": 0.17694207891454858}, "orientation": {"y": -0.3673741277639757, "x": 0.9285457507819787, "z": -0.04541076259627005, "w": 0.027872954540470465}}, "stability_score": 0.0}