{"GRASPA_board_pose": {"position": {"y": -0.28710097089117564, "x": 0.4121478394280875, "z": 0.1288254391351862}, "orientation": {"y": -0.014483097556116615, "x": 0.0053724498641720166, "z": -0.6889122232365107, "w": 0.7246801538216462}}, "grasped_score": "0", "object": "pear", "grasp_pose": {"position": {"y": -0.05998943439271692, "x": 0.5130342346642879, "z": 0.17599865586332802}, "orientation": {"y": -0.26752532588180034, "x": 0.9605258912028471, "z": -0.007465238371725021, "w": -0.0759241895371012}}, "stability_score": 0.0}