{"GRASPA_board_pose": {"position": {"y": -0.2653547894004559, "x": 0.39756496868568497, "z": 0.1311244530913709}, "orientation": {"y": -0.0148323761978011, "x": 0.0021470972606450617, "z": -0.6907535382146003, "w": 0.7229349486874258}}, "grasped_score": "1", "object": "power_drill", "grasp_pose": {"position": {"y": 0.22103266900395496, "x": 0.6393303570392798, "z": 0.28762989335928213}, "orientation": {"y": 0.7276627468838771, "x": 0.6723238529071758, "z": 0.05417756504107615, "w": 0.12470908168886884}}, "stability_score": 1.0}