{"GRASPA_board_pose": {"position": {"y": -0.2637034574185612, "x": 0.39781774669475556, "z": 0.13551347490697674}, "orientation": {"y": -0.008241456497473026, "x": -0.0015206939917176902, "z": -0.6946497649211935, "w": 0.7192992909627498}}, "grasped_score": "1", "object": "scissors", "grasp_pose": {"position": {"y": 0.11, "x": 0.54, "z": 0.15}, "orientation": {"y": 0.8166, "x": 0.575, "z": 0.0331, "w": 0.017}}, "stability_score": 0.75}