{"GRASPA_board_pose": {"position": {"y": -0.2710906663668673, "x": 0.3955625103267368, "z": 0.12845895580681804}, "orientation": {"y": -0.010882875902002426, "x": 0.005712890005186416, "z": -0.6971392634837916, "w": 0.7168303657136512}}, "grasped_score": "1", "object": "tomato_soup_can", "grasp_pose": {"position": {"y": 0.21100430960574126, "x": 0.42032839558448093, "z": 0.2117669597541263}, "orientation": {"y": 0.39502654001852017, "x": 0.9168155908487383, "z": 0.039448319676610874, "w": 0.04297714662896106}}, "stability_score": 1.0}