{"GRASPA_board_pose": {"position": {"y": -0.2751803652139786, "x": 0.3985559422163296, "z": 0.1277739059093051}, "orientation": {"y": -0.014151743263360958, "x": 0.006728682155907355, "z": -0.6928023474046243, "w": 0.720957252844921}}, "grasped_score": "1", "object": "tennis_ball", "grasp_pose": {"position": {"y": -0.14150626220635054, "x": 0.4279507056915702, "z": 0.15744520114371757}, "orientation": {"y": 0.6800325618519768, "x": 0.7102190100603487, "z": -0.17285949080300372, "w": 0.05713378168178231}}, "stability_score": 1.0}