{"GRASPA_board_pose": {"position": {"y": -0.28705592010374126, "x": 0.4121253605353899, "z": 0.12875805977314866}, "orientation": {"y": -0.014416851956657858, "x": 0.005407467364443115, "z": -0.688941333588053, "w": 0.7246535396658718}}, "grasped_score": "0", "object": "pear", "grasp_pose": {"position": {"y": -0.06836476414093705, "x": 0.5113591283137726, "z": 0.17324281089416785}, "orientation": {"y": -0.2467215141580692, "x": 0.9669177673607073, "z": -0.06346109583144767, "w": -0.013084912288830462}}, "stability_score": 0.0}