{"GRASPA_board_pose": {"position": {"y": -0.26564939701318707, "x": 0.4008517099208126, "z": 0.13117273812802416}, "orientation": {"y": -0.013064684577646514, "x": 0.002838072183064084, "z": -0.6903479540065041, "w": 0.723353967129651}}, "grasped_score": "1", "object": "scissors", "grasp_pose": {"position": {"y": 0.06216187208830922, "x": 0.5616925735595957, "z": 0.14052309571094843}, "orientation": {"y": 0.8099962345579206, "x": 0.5858015793514507, "z": -0.0043590385839349394, "w": 0.02689997051968686}}, "stability_score": 1.0}