{"GRASPA_board_pose": {"position": {"y": -0.2731484612832601, "x": 0.39904943803318826, "z": 0.13024153586796958}, "orientation": {"y": -0.010011101397551275, "x": 0.003959138591812789, "z": -0.6919170350554584, "w": 0.7218967513921103}}, "grasped_score": "1", "object": "strawberry", "grasp_pose": {"position": {"y": -0.10683962417247692, "x": 0.5980955686411473, "z": 0.17056970105631739}, "orientation": {"y": 0.9706326494342997, "x": 0.05468177729837682, "z": -0.2338189913515795, "w": -0.014520412079975542}}, "stability_score": 0.5}