{"GRASPA_board_pose": {"position": {"y": -0.2649741347679811, "x": 0.39786976419979453, "z": 0.13348298541447504}, "orientation": {"y": -0.00870570527625783, "x": -0.0014776919396978301, "z": -0.6919084263135473, "w": 0.7219312686942468}}, "grasped_score": "1", "object": "power_drill", "grasp_pose": {"position": {"y": 0.2292961706351284, "x": 0.6368162022416417, "z": 0.2869720998118285}, "orientation": {"y": 0.7022488424059314, "x": 0.7049955182862324, "z": 0.027171242164976937, "w": 0.09533942592163897}}, "stability_score": 1.0}