{"GRASPA_board_pose": {"position": {"y": -0.26576014330728076, "x": 0.39679369269612513, "z": 0.13321519884740612}, "orientation": {"y": -0.009753596073749595, "x": 0.0003965123354815835, "z": -0.6946163034471428, "w": 0.7193141880479106}}, "grasped_score": "0", "object": "medium_clamp", "grasp_pose": {"position": {"y": 0.10284940264733473, "x": 0.585780811764235, "z": 0.14635758000180976}, "orientation": {"y": 0.8796067651961675, "x": 0.46394910810189444, "z": -0.04940030476532852, "w": 0.0927511380074843}}, "stability_score": 0.0}