{"GRASPA_board_pose": {"position": {"y": -0.27134028373595087, "x": 0.39539503050581437, "z": 0.12718562125213306}, "orientation": {"y": -0.013244982205162658, "x": 0.00768398361327639, "z": -0.6968252201419434, "w": 0.7170774988914015}}, "grasped_score": "1", "object": "tomato_soup_can", "grasp_pose": {"position": {"y": 0.21214442751300502, "x": 0.4235380875199893, "z": 0.21174103980002004}, "orientation": {"y": 0.4070765167235057, "x": 0.9109838141384422, "z": 0.03826318738283336, "w": 0.05415836409401411}}, "stability_score": 1.0}