{"GRASPA_board_pose": {"position": {"y": -0.2868593161765346, "x": 0.40674128418744826, "z": 0.13303710079599756}, "orientation": {"y": -0.01414722067281771, "x": 0.0008943112927915853, "z": -0.6943495258169762, "w": 0.71949829211214}}, "grasped_score": "1", "object": "tomato_soup_can", "grasp_pose": {"position": {"y": 0.19144530695815523, "x": 0.4146016285648963, "z": 0.21078320960370112}, "orientation": {"y": 0.3303032217945913, "x": 0.9432313370398355, "z": 0.029441046007926665, "w": 0.018645409840400796}}, "stability_score": 1.0}