{"GRASPA_board_pose": {"position": {"y": -0.2869536775504415, "x": 0.4123833509498792, "z": 0.13062930600707245}, "orientation": {"y": -0.012189518914387635, "x": 0.0030255111670956757, "z": -0.6890205521835622, "w": 0.7246329695642287}}, "grasped_score": "1", "object": "potted_meat_can", "grasp_pose": {"position": {"y": 0.057649311895690544, "x": 0.40085383248879086, "z": 0.19595132043005253}, "orientation": {"y": 0.36861304623276187, "x": 0.9284032160239445, "z": 0.024473357231245867, "w": 0.03991172019887373}}, "stability_score": 1.0}