{"GRASPA_board_pose": {"position": {"y": -0.2704714731925373, "x": 0.39472449703775697, "z": 0.12989593177549977}, "orientation": {"y": -0.01245245840684748, "x": 0.004497925202905755, "z": -0.6977521086251977, "w": 0.7162169363102113}}, "grasped_score": "1", "object": "tomato_soup_can", "grasp_pose": {"position": {"y": 0.20430181649297763, "x": 0.4004582108642638, "z": 0.19647213420626516}, "orientation": {"y": 0.9755361117034552, "x": 0.16468024847210294, "z": 0.002139268362603503, "w": -0.14561982714089156}}, "stability_score": 1.0}