{"GRASPA_board_pose": {"position": {"y": -0.2691367743861527, "x": 0.40058128070663346, "z": 0.12907134467227296}, "orientation": {"y": -0.0063270895018755465, "x": 0.004740011971908599, "z": -0.6891198182840169, "w": 0.7246042894388254}}, "grasped_score": "1", "object": "medium_clamp", "grasp_pose": {"position": {"y": 0.06249285441563611, "x": 0.6217713815337768, "z": 0.1502904790939261}, "orientation": {"y": 0.6422554883340368, "x": 0.766250579546581, "z": 0.017915405236498268, "w": 0.0068538532628608755}}, "stability_score": 1.0}