{"GRASPA_board_pose": {"position": {"y": -0.27112788386412773, "x": 0.4017515164220125, "z": 0.1298146576152086}, "orientation": {"y": -0.010674299149861809, "x": 0.004159637325587467, "z": -0.6878881404580394, "w": 0.7257263003172474}}, "grasped_score": "0", "object": "scissors", "grasp_pose": {"position": {"y": 0.15287887368389697, "x": 0.4528396276131833, "z": 0.13496281826524167}, "orientation": {"y": 0.9975483802091614, "x": -0.030923451277977895, "z": -0.00991728851351677, "w": 0.06198884328390887}}, "stability_score": 0.0}