{"GRASPA_board_pose": {"position": {"y": -0.2766082010278783, "x": 0.3982440288456044, "z": 0.1290329577015567}, "orientation": {"y": -0.013150440252481167, "x": 0.005236842824800164, "z": -0.6942889030668556, "w": 0.7195571975017808}}, "grasped_score": "1", "object": "strawberry", "grasp_pose": {"position": {"y": -0.11157122126560118, "x": 0.579061228399873, "z": 0.16615269603747657}, "orientation": {"y": -0.15911544282965703, "x": 0.969748888335929, "z": -0.06122000386444217, "w": 0.1747039797806278}}, "stability_score": 1.0}