{"GRASPA_board_pose": {"position": {"y": -0.26461698602807004, "x": 0.3980308028872279, "z": 0.12915851906995734}, "orientation": {"y": -0.018898375384240062, "x": 0.003302806193626223, "z": -0.6913666916377773, "w": 0.7222492925388838}}, "grasped_score": "1", "object": "power_drill", "grasp_pose": {"position": {"y": 0.22453187317170695, "x": 0.6461453426017311, "z": 0.2777143974584753}, "orientation": {"y": 0.716352246466309, "x": 0.6765909424733888, "z": 0.018019658089601237, "w": 0.16952712900293643}}, "stability_score": 1.0}