{"GRASPA_board_pose": {"position": {"y": -0.2702855617356721, "x": 0.4017088748708439, "z": 0.12908715772566143}, "orientation": {"y": -0.009992587193384233, "x": 0.004789491371616493, "z": -0.6867486027661376, "w": 0.7268105431075841}}, "grasped_score": "1", "object": "medium_clamp", "grasp_pose": {"position": {"y": 0.07711735765792302, "x": 0.6331021463939482, "z": 0.14992379413951976}, "orientation": {"y": -0.5858933277214041, "x": 0.808083625411693, "z": 0.03402847322523793, "w": 0.050714158604805666}}, "stability_score": 1.0}