{"GRASPA_board_pose": {"position": {"y": -0.28728633360920175, "x": 0.4136775069406122, "z": 0.12830535006669924}, "orientation": {"y": -0.014227754797746324, "x": 0.004412828252936405, "z": -0.6884660015627826, "w": 0.7251156201823128}}, "grasped_score": "1", "object": "potted_meat_can", "grasp_pose": {"position": {"y": 0.06679183495868768, "x": 0.4082367394074743, "z": 0.19451446736754063}, "orientation": {"y": 0.9726217641927383, "x": -0.22906356657054056, "z": -0.02763908473947096, "w": 0.02780049070346308}}, "stability_score": 1.0}