{"GRASPA_board_pose": {"position": {"y": -0.2867002107977321, "x": 0.411852842765485, "z": 0.13073136658980175}, "orientation": {"y": -0.013432106815421925, "x": 0.002689463644722505, "z": -0.6894395415741725, "w": 0.7242136865634325}}, "grasped_score": "1", "object": "potted_meat_can", "grasp_pose": {"position": {"y": 0.06721036922522769, "x": 0.4123375898925737, "z": 0.19456191392512842}, "orientation": {"y": 0.9817548434041959, "x": -0.1875680583935855, "z": -0.030458631823417927, "w": -0.006922620190996352}}, "stability_score": 1.0}