{"GRASPA_board_pose": {"position": {"y": -0.2744032946576681, "x": 0.3982297241131142, "z": 0.12883773473781526}, "orientation": {"y": -0.014698329404853858, "x": 0.004382874512558585, "z": -0.6936654437798523, "w": 0.7201340164368116}}, "grasped_score": "0", "object": "tennis_ball", "grasp_pose": {"position": {"y": -0.1280892042790714, "x": 0.4444980690748533, "z": 0.16560741765564568}, "orientation": {"y": 0.959035403478589, "x": -0.15990406818406677, "z": 0.004506889883603371, "w": -0.23379792941004118}}, "stability_score": 0.0}