{"GRASPA_board_pose": {"position": {"y": -0.2860697276560315, "x": 0.41129853708430725, "z": 0.13168169605716581}, "orientation": {"y": -0.013485021728555292, "x": 0.0023146322905941152, "z": -0.6899138753925173, "w": 0.7237621440827212}}, "grasped_score": "0", "object": "pear", "grasp_pose": {"position": {"y": -0.0620769308832472, "x": 0.5098698206235321, "z": 0.17530968057809307}, "orientation": {"y": -0.26592692893497627, "x": 0.9595221652195355, "z": -0.009585773104119564, "w": -0.092239882229016}}, "stability_score": 0.0}