{"GRASPA_board_pose": {"position": {"y": -0.26468166604113946, "x": 0.39692752348865745, "z": 0.1330766106758172}, "orientation": {"y": -0.012949322740672576, "x": -0.0005101745782769374, "z": -0.6919659010771564, "w": 0.7218138586290351}}, "grasped_score": "1", "object": "power_drill", "grasp_pose": {"position": {"y": 0.2226706357949179, "x": 0.6402828625114386, "z": 0.2878056845486741}, "orientation": {"y": 0.7166201750066644, "x": 0.6757412482768722, "z": 0.0668919974130107, "w": 0.15923175196150322}}, "stability_score": 1.0}