{"GRASPA_board_pose": {"position": {"y": -0.2751963533059458, "x": 0.3988964257122805, "z": 0.1270147588000621}, "orientation": {"y": -0.01443960026745837, "x": 0.006357650870294055, "z": -0.6927942108914207, "w": 0.7209627310581741}}, "grasped_score": "1", "object": "mustard_bottle", "grasp_pose": {"position": {"y": -0.20433975529962153, "x": 0.6712098738670513, "z": 0.20488334631657198}, "orientation": {"y": 0.6855463720224177, "x": -0.1779719827006199, "z": 0.13581933265298252, "w": 0.6927519426592822}}, "stability_score": 1.0}