{"GRASPA_board_pose": {"position": {"y": -0.2687233141180944, "x": 0.3993882953772491, "z": 0.13166134629409385}, "orientation": {"y": -0.018927949738936956, "x": 0.000606281723704965, "z": -0.6929445007028284, "w": 0.7207421758762698}}, "grasped_score": "1", "object": "power_drill", "grasp_pose": {"position": {"y": 0.23283121478542002, "x": 0.6462658166291123, "z": 0.2775440788317903}, "orientation": {"y": 0.6843832147181624, "x": 0.712731061266297, "z": -0.020992622995962478, "w": 0.15229366204146821}}, "stability_score": 0.75}