{"GRASPA_board_pose": {"position": {"y": -0.27534207221681295, "x": 0.39858878547055926, "z": 0.12794207854259168}, "orientation": {"y": -0.014294119986323805, "x": 0.0065541695635928186, "z": -0.6926306515819624, "w": 0.7211210033581705}}, "grasped_score": "0", "object": "tennis_ball", "grasp_pose": {"position": {"y": -0.15456462805609747, "x": 0.4549201435047344, "z": 0.17870579518208857}, "orientation": {"y": -0.3756049109346657, "x": 0.9252004185101944, "z": -0.04970184436457664, "w": 0.021327520650146196}}, "stability_score": 0.0}