{"GRASPA_board_pose": {"position": {"y": -0.2694139340527418, "x": 0.3954114018031541, "z": 0.13106198183996176}, "orientation": {"y": -0.007705350590200926, "x": 0.0031165079013411776, "z": -0.6917078988024039, "w": 0.7221295574099889}}, "grasped_score": "1", "object": "medium_clamp", "grasp_pose": {"position": {"y": 0.07452139415395027, "x": 0.6258826048283591, "z": 0.15131515657653438}, "orientation": {"y": 0.8089313717140353, "x": 0.5877101128549173, "z": 0.010507497702272117, "w": 0.010791274111364844}}, "stability_score": 1.0}