{"GRASPA_board_pose": {"position": {"y": -0.2853671618993647, "x": 0.4100722507035605, "z": 0.13308559711726478}, "orientation": {"y": -0.013158224376631793, "x": 0.001483399476510192, "z": -0.6905426384602336, "w": 0.7231704675424919}}, "grasped_score": "1", "object": "pear", "grasp_pose": {"position": {"y": -0.0497667241330092, "x": 0.4980082361359497, "z": 0.18138072698838473}, "orientation": {"y": 0.985451179521488, "x": -0.06374038017765685, "z": -0.08612778398145615, "w": 0.13192854710395144}}, "stability_score": 1.0}