{"GRASPA_board_pose": {"position": {"y": -0.27617697302584626, "x": 0.39916904259279296, "z": 0.12945886217321081}, "orientation": {"y": -0.01008551174820257, "x": 0.004755948738366402, "z": -0.6919696579659379, "w": 0.7218404642709342}}, "grasped_score": "1", "object": "tennis_ball", "grasp_pose": {"position": {"y": -0.15020637106001153, "x": 0.4474149464390568, "z": 0.17077674458844305}, "orientation": {"y": 0.8749286053721205, "x": 0.4423107297763373, "z": -0.1673797586452272, "w": -0.10414014702402646}}, "stability_score": 1.0}