{"GRASPA_board_pose": {"position": {"y": -0.27180028664158, "x": 0.3999170638826097, "z": 0.12665013171688197}, "orientation": {"y": -0.012123508324689185, "x": 0.0062885503340541285, "z": -0.6916513655198043, "w": 0.7221023911158218}}, "grasped_score": "1", "object": "mustard_bottle", "grasp_pose": {"position": {"y": -0.20215528554288925, "x": 0.6668730815111298, "z": 0.2509372115974535}, "orientation": {"y": 0.7939977334439208, "x": -0.13071656932660525, "z": 0.1012862711102711, "w": 0.5849973239887313}}, "stability_score": 1.0}