{"GRASPA_board_pose": {"position": {"y": -0.2720999607499656, "x": 0.39977219021504906, "z": 0.12568678364175848}, "orientation": {"y": -0.01390384915057737, "x": 0.007920863593207634, "z": -0.6914151200314317, "w": 0.7222804681636189}}, "grasped_score": "1", "object": "mustard_bottle", "grasp_pose": {"position": {"y": -0.2110733628298477, "x": 0.6696643555267985, "z": 0.2460849181350569}, "orientation": {"y": 0.7133993261239694, "x": -0.06499867683210751, "z": 0.09018755222732856, "w": 0.6918835009733825}}, "stability_score": 1.0}