{"GRASPA_board_pose": {"position": {"y": -0.2865585149429897, "x": 0.4114241143542438, "z": 0.12923403062271818}, "orientation": {"y": -0.015863562157436485, "x": 0.005329563988933236, "z": -0.6895304319485435, "w": 0.7240633443009117}}, "grasped_score": "1", "object": "potted_meat_can", "grasp_pose": {"position": {"y": 0.0641659588847491, "x": 0.4087008284488355, "z": 0.19506571314555304}, "orientation": {"y": 0.9777677361146309, "x": -0.2053600132193578, "z": -0.030577906835342863, "w": 0.029368534137477083}}, "stability_score": 1.0}