{"GRASPA_board_pose": {"position": {"y": -0.27879876879953464, "x": 0.40319587786745265, "z": 0.12321223046344196}, "orientation": {"y": -0.007459621219270672, "x": 0.012521927975629087, "z": -0.686454939511509, "w": 0.7270262522022768}}, "grasped_score": "0", "object": "strawberry", "grasp_pose": {"position": {"y": -0.11424306321616304, "x": 0.5956371410161532, "z": 0.16595732277996364}, "orientation": {"y": -0.1772707421486356, "x": 0.9595995096108138, "z": -0.006289395555935571, "w": 0.2184131604008757}}, "stability_score": 0.0}