{"GRASPA_board_pose": {"position": {"y": -0.2683193471176333, "x": 0.4021766714321911, "z": 0.1325139322074097}, "orientation": {"y": -0.008101880012880546, "x": 0.0009270830155230472, "z": -0.6881949594036625, "w": 0.7254799776070533}}, "grasped_score": "1", "object": "scissors", "grasp_pose": {"position": {"y": 0.1645018132595265, "x": 0.4602642253989822, "z": 0.14425810175707754}, "orientation": {"y": 0.9962070076840501, "x": -0.04710368859808447, "z": -0.04246588840110669, "w": 0.059577585415577346}}, "stability_score": 1.0}