{"GRASPA_board_pose": {"position": {"y": -0.28610156928383124, "x": 0.41224762740649473, "z": 0.13028222917689386}, "orientation": {"y": -0.014782733429256213, "x": 0.002966430440423131, "z": -0.6896412920795746, "w": 0.7239941707925669}}, "grasped_score": "1", "object": "potted_meat_can", "grasp_pose": {"position": {"y": 0.07111167088174437, "x": 0.42099276078351094, "z": 0.19386083442201402}, "orientation": {"y": 0.2961905567969198, "x": 0.9546235508893968, "z": -0.003066409348202974, "w": 0.030913221853429113}}, "stability_score": 1.0}