{"GRASPA_board_pose": {"position": {"y": -0.2868954709336468, "x": 0.412028262830064, "z": 0.12911393144790898}, "orientation": {"y": -0.014909172708121558, "x": 0.005184072706038113, "z": -0.6890765627728213, "w": 0.7245166199588055}}, "grasped_score": "0", "object": "pear", "grasp_pose": {"position": {"y": -0.05213936539163842, "x": 0.5050596603376478, "z": 0.17638450685357332}, "orientation": {"y": -0.3288308987010077, "x": 0.9386795091634971, "z": -0.09424310393923867, "w": 0.043234899051137664}}, "stability_score": 0.0}