{"GRASPA_board_pose": {"position": {"y": -0.26390933223947843, "x": 0.3727888165931807, "z": 0.07957635987844508}, "orientation": {"y": -0.023957998992222597, "x": 0.0007069234895114313, "z": -0.6908008436746258, "w": 0.7226477073387102}}, "grasped_score": "0", "object": "potted_meat_can", "grasp_pose": {"position": {"y": -0.05538411964394835, "x": 0.5696911947124098, "z": 0.15325154498466792}, "orientation": {"y": -0.34584606293092296, "x": 0.8752166923997023, "z": -0.18515291780200313, "w": 0.28302762962210903}}, "stability_score": 0.0}