{"GRASPA_board_pose": {"position": {"y": -0.2639827746813566, "x": 0.3727539065132653, "z": 0.07986614020810562}, "orientation": {"y": -0.0239950363402824, "x": 0.0002903765313859693, "z": -0.6906034539013642, "w": 0.7228354054499577}}, "grasped_score": "1", "object": "foam_brick", "grasp_pose": {"position": {"y": 0.12985734700807516, "x": 0.4986675146336971, "z": 0.08992295062711397}, "orientation": {"y": -0.09926074559659198, "x": 0.9758140213449147, "z": -0.18712924152169239, "w": -0.05400876871204681}}, "stability_score": 1.0}