{"GRASPA_board_pose": {"position": {"y": -0.2697178155947557, "x": 0.35214293418769976, "z": 0.07919653232943358}, "orientation": {"y": -0.02423837964701192, "x": 0.0003651095833614309, "z": -0.6934398816351168, "w": 0.7201065880860655}}, "grasped_score": "1", "object": "banana", "grasp_pose": {"position": {"y": -0.0833397885484945, "x": 0.4621156041780199, "z": 0.08370033314814501}, "orientation": {"y": -0.5626278525528223, "x": 0.8149041764115617, "z": 0.10672608399531586, "w": -0.08939030033409226}}, "stability_score": 1.0}