{"GRASPA_board_pose": {"position": {"y": -0.263858048352529, "x": 0.37290540835170394, "z": 0.07973234275864305}, "orientation": {"y": -0.023984981164054838, "x": 0.00029974247275663866, "z": -0.6905896443961044, "w": 0.7228489288128414}}, "grasped_score": "0", "object": "foam_brick", "grasp_pose": {"position": {"y": 0.14248182137994525, "x": 0.46948854503785864, "z": 0.08520462288747072}, "orientation": {"y": -0.21975804486623676, "x": 0.9636675343017218, "z": 0.024834665411483575, "w": 0.14978158913333894}}, "stability_score": 0.0}