{"GRASPA_board_pose": {"position": {"y": -0.27021690188151704, "x": 0.35235683541377455, "z": 0.07963799908665109}, "orientation": {"y": -0.02351377821821418, "x": -0.0004942169829292044, "z": -0.6930454726813398, "w": 0.7205101184434379}}, "grasped_score": "1", "object": "banana", "grasp_pose": {"position": {"y": -0.08339187718797969, "x": 0.45628133877760463, "z": 0.0835249965329235}, "orientation": {"y": -0.3836553290238911, "x": 0.917979713741428, "z": -0.09870741203198831, "w": -0.01945971430219448}}, "stability_score": 1.0}