{"GRASPA_board_pose": {"position": {"y": -0.2641649580734378, "x": 0.3728698343370935, "z": 0.07996331654012773}, "orientation": {"y": -0.023585393825374817, "x": 0.0004764726868070291, "z": -0.6904937119155434, "w": 0.7229536195199351}}, "grasped_score": "1", "object": "potted_meat_can", "grasp_pose": {"position": {"y": -0.022756116311777708, "x": 0.5709144131556985, "z": 0.12726138690627947}, "orientation": {"y": -0.3097006595575511, "x": 0.9401459900038656, "z": 0.08751335513928175, "w": -0.11203763484443731}}, "stability_score": 1.0}