{"GRASPA_board_pose": {"position": {"y": -0.263585952603153, "x": 0.37316689514628276, "z": 0.07974770418619953}, "orientation": {"y": -0.023860189023456154, "x": 0.00036157843621070724, "z": -0.6901889591560009, "w": 0.7232356194906023}}, "grasped_score": "0", "object": "potted_meat_can", "grasp_pose": {"position": {"y": -0.032172717990839594, "x": 0.5517966779224186, "z": 0.15721375641220603}, "orientation": {"y": -0.29501981513021575, "x": 0.8239930409724169, "z": 0.21017405657400876, "w": 0.4356898473143341}}, "stability_score": 0.0}