{"GRASPA_board_pose": {"position": {"y": -0.2639560492158001, "x": 0.37282672360305474, "z": 0.08050543696054963}, "orientation": {"y": -0.023427024564978312, "x": -0.000587234657568715, "z": -0.6899684535362176, "w": 0.7234599939183431}}, "grasped_score": "1", "object": "banana", "grasp_pose": {"position": {"y": -0.08141500171326632, "x": 0.4898433014746867, "z": 0.08104672085955983}, "orientation": {"y": 0.8886627763725585, "x": 0.45843277338205346, "z": -0.00035711674853368294, "w": 0.01085055974052525}}, "stability_score": 1.0}