{"GRASPA_board_pose": {"position": {"y": -0.2638675666923648, "x": 0.37267988649057826, "z": 0.07980746428573432}, "orientation": {"y": -0.024083892599715218, "x": 0.00028538214777631553, "z": -0.6908888659666281, "w": 0.7225596581304699}}, "grasped_score": "0", "object": "potted_meat_can", "grasp_pose": {"position": {"y": -0.0465752251653756, "x": 0.5662075218088264, "z": 0.15171819542466242}, "orientation": {"y": -0.29348271138093546, "x": 0.898120047685434, "z": -0.14897694242707504, "w": 0.29164044419642543}}, "stability_score": 0.0}