{"GRASPA_board_pose": {"position": {"y": -0.2740798980218519, "x": 0.40850354837845276, "z": 0.07683851895750776}, "orientation": {"y": -0.013000989948953, "x": 0.012307663710578693, "z": -0.7011345034419503, "w": 0.7128042534648235}}, "grasped_score": "1", "object": "foam_brick", "grasp_pose": {"position": {"y": 0.1185185333596357, "x": 0.5261211101440163, "z": 0.10286511951446853}, "orientation": {"y": 0.98977800074408, "x": 0.0996997655574233, "z": 0.10010914255770202, "w": -0.0194325903370809}}, "stability_score": 1.0}