{"GRASPA_board_pose": {"position": {"y": -0.2739512493225095, "x": 0.40843838236337465, "z": 0.07745834742236796}, "orientation": {"y": -0.013122143721659893, "x": 0.01111558096365519, "z": -0.7012623112179084, "w": 0.7126958847006947}}, "grasped_score": "1", "object": "potted_meat_can", "grasp_pose": {"position": {"y": -0.0612366357754396, "x": 0.6331672057031045, "z": 0.1538921037816291}, "orientation": {"y": 0.9358718694022677, "x": 0.3457083593659323, "z": 0.06659794649336506, "w": 0.013938717619887957}}, "stability_score": 1.0}