{"GRASPA_board_pose": {"position": {"y": -0.27390551837250043, "x": 0.4089662481615924, "z": 0.07684406852839254}, "orientation": {"y": -0.013062925946660918, "x": 0.012552922798355104, "z": -0.7012369428912044, "w": 0.7126980665187248}}, "grasped_score": "1", "object": "banana", "grasp_pose": {"position": {"y": -0.057288150410652494, "x": 0.5044275079222926, "z": 0.07940755707395997}, "orientation": {"y": 0.804756322120698, "x": 0.5929089031870656, "z": 0.012918108710347988, "w": 0.025679115943235825}}, "stability_score": 1.0}