{"GRASPA_board_pose": {"position": {"y": -0.27397381307923685, "x": 0.40855830431692136, "z": 0.07746584642967796}, "orientation": {"y": -0.012835012702140538, "x": 0.011427940293877965, "z": -0.7012862694800811, "w": 0.7126725986512226}}, "grasped_score": "1", "object": "foam_brick", "grasp_pose": {"position": {"y": 0.11371783227630038, "x": 0.5399571949926315, "z": 0.09821378764303446}, "orientation": {"y": 0.9865519382664991, "x": 0.11283666254420728, "z": 0.07109499297425799, "w": -0.09449160101558461}}, "stability_score": 1.0}