{"GRASPA_board_pose": {"position": {"y": -0.27388377867249286, "x": 0.40855920583954625, "z": 0.07757590675449183}, "orientation": {"y": -0.01256520196919366, "x": 0.011285372813780383, "z": -0.7013053734599339, "w": 0.7126608795325796}}, "grasped_score": "1", "object": "banana", "grasp_pose": {"position": {"y": -0.028487346853100066, "x": 0.5066480253086837, "z": 0.07924092109001202}, "orientation": {"y": 0.7882773902446553, "x": 0.6137260595211118, "z": -0.04069157083602735, "w": -0.01741482002954404}}, "stability_score": 1.0}