{"GRASPA_board_pose": {"position": {"y": -0.27407704156185003, "x": 0.4085574257735434, "z": 0.07665732170689388}, "orientation": {"y": -0.013370131320554807, "x": 0.012424714400096872, "z": -0.7012688567372531, "w": 0.7126632140295818}}, "grasped_score": "0", "object": "mustard_bottle", "grasp_pose": {"position": {"y": -0.19811066701331576, "x": 0.5662771569097375, "z": 0.22236914282968334}, "orientation": {"y": 0.971304841055361, "x": -0.09287903740244241, "z": 0.08344365230278063, "w": 0.20242911609743408}}, "stability_score": 0.0}