{"GRASPA_board_pose": {"position": {"y": -0.27404926190690615, "x": 0.40847988910591726, "z": 0.07670124303159093}, "orientation": {"y": -0.013747476884989852, "x": 0.012568126209462637, "z": -0.7011232650249004, "w": 0.7127967566731089}}, "grasped_score": "1", "object": "potted_meat_can", "grasp_pose": {"position": {"y": -0.05587446256710503, "x": 0.6378839874409146, "z": 0.1507627330491954}, "orientation": {"y": -0.3600832897711208, "x": 0.9184428661901518, "z": 0.021892587417079452, "w": -0.1622450017356819}}, "stability_score": 1.0}