{"GRASPA_board_pose": {"position": {"y": -0.2739456131950938, "x": 0.408525921979028, "z": 0.07692083129656441}, "orientation": {"y": -0.012911301287413994, "x": 0.011919908167041929, "z": -0.7013186746820249, "w": 0.7126312725600829}}, "grasped_score": "1", "object": "mustard_bottle", "grasp_pose": {"position": {"y": -0.19361551879846714, "x": 0.5644072957149098, "z": 0.20382704756148995}, "orientation": {"y": 0.2688823752688266, "x": 0.8172007667280154, "z": 0.4806564303928597, "w": -0.16986633289422423}}, "stability_score": 1.0}