{"GRASPA_board_pose": {"position": {"y": -0.2740310956454614, "x": 0.40864325473968816, "z": 0.07696267713800226}, "orientation": {"y": -0.01278095879232794, "x": 0.012349609504941158, "z": -0.7011926496697124, "w": 0.7127503085138527}}, "grasped_score": "1", "object": "gelatin_box", "grasp_pose": {"position": {"y": 0.1482696369372689, "x": 0.6439029402600596, "z": 0.1531798167556896}, "orientation": {"y": 0.902869663325443, "x": 0.42530024869932254, "z": 0.01637836107403457, "w": 0.06064502280834312}}, "stability_score": 1.0}