{"GRASPA_board_pose": {"position": {"y": -0.2681609107457003, "x": 0.3689778477182453, "z": 0.08140671226226048}, "orientation": {"y": -0.02200556853016086, "x": -0.00196808859223372, "z": -0.6975825389070976, "w": 0.716163726387259}}, "grasped_score": "1", "object": "cracker_box", "grasp_pose": {"position": {"y": -0.04386494932077101, "x": 0.5185012400841201, "z": 0.2167657628260329}, "orientation": {"y": 0.8707023027446953, "x": 0.44623192965327535, "z": -0.19734724495933553, "w": -0.061714097740788294}}, "stability_score": 1.0}