{"GRASPA_board_pose": {"position": {"y": -0.29459674794541457, "x": 0.23249482939439386, "z": 0.28276617245389246}, "orientation": {"y": 0.06481799878014204, "x": -0.17675077313075255, "z": -0.7288601340398573, "w": 0.6582709899723819}}, "grasped_score": "1", "object": "cracker_box", "grasp_pose": {"position": {"y": -0.03308169460067428, "x": 0.502640175887923, "z": 0.21086122122227952}, "orientation": {"y": -0.41243768320266805, "x": 0.9001171008403122, "z": 0.07214260369796441, "w": 0.12033206962786486}}, "stability_score": 1.0}