{"GRASPA_board_pose": {"position": {"y": -0.2957976157525893, "x": 0.24110130398318882, "z": 0.298653558524239}, "orientation": {"y": 0.08261207942882891, "x": -0.21269737759663981, "z": -0.7214493146136732, "w": 0.653793512004684}}, "grasped_score": "1", "object": "cracker_box", "grasp_pose": {"position": {"y": -0.02649036332609611, "x": 0.49438686052941433, "z": 0.21018161464639012}, "orientation": {"y": -0.3939452774899557, "x": 0.7767327860605687, "z": 0.44682298819817645, "w": 0.2045544294792969}}, "stability_score": 1.0}