{"GRASPA_board_pose": {"position": {"y": -0.2642149630191694, "x": 0.3703495547090768, "z": 0.0802001600437734}, "orientation": {"y": -0.02105416608248162, "x": -0.0010929506082308046, "z": -0.6931994751256334, "w": 0.7204373777331975}}, "grasped_score": "1", "object": "potted_meat_can", "grasp_pose": {"position": {"y": -0.16929296615855338, "x": 0.4092370463293064, "z": 0.1399666504723605}, "orientation": {"y": -0.3082863116831709, "x": 0.8456579458431094, "z": -0.36858488942271905, "w": -0.23230877717047546}}, "stability_score": 1.0}