{"GRASPA_board_pose": {"position": {"y": -0.27620568106801135, "x": 0.36866139450899804, "z": 0.0818860098892637}, "orientation": {"y": -0.022747567964463124, "x": -0.0016457070819434958, "z": -0.7015129369167356, "w": 0.7122916812222074}}, "grasped_score": "0", "object": "cracker_box", "grasp_pose": {"position": {"y": -0.028585592408370608, "x": 0.4977678638912716, "z": 0.2042584931069395}, "orientation": {"y": -0.29136835566895164, "x": 0.653234501117038, "z": 0.5528399825402124, "w": 0.42750101937899926}}, "stability_score": 0.0}