{"GRASPA_board_pose": {"position": {"y": -0.2638421216203456, "x": 0.3703938021576035, "z": 0.08012439401876509}, "orientation": {"y": -0.021792815498742107, "x": -0.001291404350454875, "z": -0.6940049106924309, "w": 0.7196392077994584}}, "grasped_score": "1", "object": "tennis_ball", "grasp_pose": {"position": {"y": -0.1860084426053984, "x": 0.5187183036096151, "z": 0.11008700229749185}, "orientation": {"y": 0.853963624083528, "x": 0.3428867534287048, "z": 0.2387814815389791, "w": -0.31009386827104457}}, "stability_score": 1.0}