{"GRASPA_board_pose": {"position": {"y": -0.26630187663675614, "x": 0.3705912722649095, "z": 0.0806847216015405}, "orientation": {"y": -0.020777727986688206, "x": -0.0013639737106333082, "z": -0.6965404058727572, "w": 0.7172153711278382}}, "grasped_score": "0", "object": "tennis_ball", "grasp_pose": {"position": {"y": -0.20361824645370608, "x": 0.49652046217673684, "z": 0.1126614552935642}, "orientation": {"y": -0.5083841275100804, "x": 0.7744490207740311, "z": 0.12719317708258546, "w": 0.35439552596159657}}, "stability_score": 0.0}