{"GRASPA_board_pose": {"position": {"y": -0.2855006347270275, "x": 0.20668787431862473, "z": 0.2660515920477814}, "orientation": {"y": 0.041409343229401666, "x": -0.14037057399468442, "z": -0.7643561233118684, "w": 0.62796583108109}}, "grasped_score": "0", "object": "chips_can", "grasp_pose": {"position": {"y": -0.0225242033658129, "x": 0.6691697481634373, "z": 0.255397618396043}, "orientation": {"y": 0.3001959562422228, "x": 0.6454630916674874, "z": 0.6398882299986156, "w": -0.2894871987845137}}, "stability_score": 0.0}