{"GRASPA_board_pose": {"position": {"y": -0.2808590111100365, "x": 0.3663204155681272, "z": 0.0816199297010839}, "orientation": {"y": -0.017698502886674662, "x": -0.0007696740499674561, "z": -0.7051763891379634, "w": 0.708810574695222}}, "grasped_score": "0", "object": "chips_can", "grasp_pose": {"position": {"y": -0.03197538600514882, "x": 0.6641674505983277, "z": 0.20548497478292882}, "orientation": {"y": 0.6421649985559345, "x": -0.3205521902760859, "z": 0.3149527435010086, "w": 0.6210275173452854}}, "stability_score": 0.0}