{"GRASPA_board_pose": {"position": {"y": -0.2830076473746444, "x": 0.36551978304020627, "z": 0.0816540676350358}, "orientation": {"y": -0.018317525430838283, "x": -0.0010639022041443549, "z": -0.706047483476794, "w": 0.7079267528849837}}, "grasped_score": "1", "object": "chips_can", "grasp_pose": {"position": {"y": -0.01935038215438417, "x": 0.6779634601682136, "z": 0.25659481691192376}, "orientation": {"y": 0.28416555337054544, "x": 0.6737234468515882, "z": 0.6531519208807092, "w": -0.19682282309190358}}, "stability_score": 1.0}