{"GRASPA_board_pose": {"position": {"y": -0.26608920580679185, "x": 0.37045364617969356, "z": 0.08026897774262237}, "orientation": {"y": -0.021109153025383878, "x": -0.0008112777600274008, "z": -0.6967406182584259, "w": 0.7170120336199479}}, "grasped_score": "1", "object": "tennis_ball", "grasp_pose": {"position": {"y": -0.199233823775551, "x": 0.5250910997407816, "z": 0.1067989293291185}, "orientation": {"y": -0.4509185052338039, "x": 0.8334679745785316, "z": 0.30837958476469485, "w": 0.08310035312817265}}, "stability_score": 1.0}