{"GRASPA_board_pose": {"position": {"y": -0.26320501908501714, "x": 0.3696315074760552, "z": 0.07944592798271394}, "orientation": {"y": -0.02177717497355486, "x": -0.00021559329756437186, "z": -0.694655553440751, "w": 0.7190127747429977}}, "grasped_score": "0", "object": "potted_meat_can", "grasp_pose": {"position": {"y": -0.1622937402953607, "x": 0.39235338280649446, "z": 0.1563235715938633}, "orientation": {"y": -0.3263897439572837, "x": 0.8227773506142739, "z": -0.01315201875480488, "w": 0.46511739459874857}}, "stability_score": 0.0}