{"GRASPA_board_pose": {"position": {"y": -0.28304147374104893, "x": 0.36636498058754813, "z": 0.08143981997356414}, "orientation": {"y": -0.01768117079495647, "x": -0.0014180885418473724, "z": -0.705896487214064, "w": 0.7080928714251064}}, "grasped_score": "0", "object": "chips_can", "grasp_pose": {"position": {"y": -0.024658686094812532, "x": 0.6730101993128296, "z": 0.2550697372119489}, "orientation": {"y": 0.21613676881877275, "x": 0.686650158431399, "z": 0.6646655132061018, "w": -0.20004052750676535}}, "stability_score": 0.0}