{"GRASPA_board_pose": {"position": {"y": -0.24525172412152954, "x": 0.4463234352268685, "z": 0.0751306533555044}, "orientation": {"y": -0.010052883115325982, "x": 0.017823957859512806, "z": -0.6977761662989501, "w": 0.7160235106562017}}, "grasped_score": "0", "object": "mustard_bottle", "grasp_pose": {"position": {"y": -0.1696575752741652, "x": 0.7236218767076582, "z": 0.19526473380175063}, "orientation": {"y": 0.1638799534792468, "x": 0.963326011046468, "z": 0.21028221772560865, "w": -0.030458926398337166}}, "stability_score": 0.0}