{"GRASPA_board_pose": {"position": {"y": -0.2531284609065764, "x": 0.4650479221974595, "z": 0.07277342773394291}, "orientation": {"y": -0.013342515164806378, "x": 0.021892577798985614, "z": -0.6969552155725627, "w": 0.7166562075448695}}, "grasped_score": "0", "object": "tennis_ball", "grasp_pose": {"position": {"y": -0.10273144524344599, "x": 0.5279200599885744, "z": 0.11904784520576273}, "orientation": {"y": 0.7858373332572942, "x": 0.3185805737034485, "z": -0.0505669921509438, "w": 0.5276448455378415}}, "stability_score": 0.0}