{"GRASPA_board_pose": {"position": {"y": -0.2528730598129021, "x": 0.46488000102108995, "z": 0.07420413185198677}, "orientation": {"y": -0.012021681102526438, "x": 0.019780856058931248, "z": -0.6972296759635477, "w": 0.7164739882736925}}, "grasped_score": "1", "object": "tennis_ball", "grasp_pose": {"position": {"y": -0.0988031375977221, "x": 0.5243401059638659, "z": 0.10656211276462901}, "orientation": {"y": -0.33588490678041866, "x": 0.8566225159783502, "z": 0.3781547155466495, "w": 0.1018734785204837}}, "stability_score": 1.0}