{"GRASPA_board_pose": {"position": {"y": -0.2592085267497065, "x": 0.46577344579793695, "z": 0.0735947969480939}, "orientation": {"y": -0.009487664858133467, "x": 0.02068373092259602, "z": -0.6981074086994291, "w": 0.7156313390354208}}, "grasped_score": "1", "object": "chips_can", "grasp_pose": {"position": {"y": -0.05945611016496248, "x": 0.7264554552996192, "z": 0.3047239932321188}, "orientation": {"y": -0.5200798360570976, "x": 0.5291453346348691, "z": 0.4531142552503205, "w": 0.49417572851155117}}, "stability_score": 1.0}