{"GRASPA_board_pose": {"position": {"y": -0.24524342154472115, "x": 0.44641139081838066, "z": 0.07560991446246584}, "orientation": {"y": -0.010858414603910033, "x": 0.01706136168271463, "z": -0.6976468558934422, "w": 0.7161563161990655}}, "grasped_score": "0", "object": "mustard_bottle", "grasp_pose": {"position": {"y": -0.17339235737801156, "x": 0.7033269127911921, "z": 0.19112568525579782}, "orientation": {"y": 0.0983226652465183, "x": 0.9943306036153564, "z": 0.030655552078320637, "w": 0.02644884382190369}}, "stability_score": 0.0}