{"GRASPA_board_pose": {"position": {"y": -0.25295769780188027, "x": 0.4646920499116377, "z": 0.07444406323641217}, "orientation": {"y": -0.012334837449907786, "x": 0.020174752182623077, "z": -0.6972784324279167, "w": 0.716410230824715}}, "grasped_score": "0", "object": "tennis_ball", "grasp_pose": {"position": {"y": -0.11499006026653953, "x": 0.5246467280503709, "z": 0.10963121669580989}, "orientation": {"y": -0.5161995438553079, "x": 0.8180722251720652, "z": 0.24922609988877656, "w": 0.04671419976653039}}, "stability_score": 0.0}