{"GRASPA_board_pose": {"position": {"y": -0.24946773578275974, "x": 0.4733044023421559, "z": 0.07636253035231616}, "orientation": {"y": -0.01134566410594817, "x": 0.01788482373855153, "z": -0.6926039479625453, "w": 0.7210070597799524}}, "grasped_score": "0", "object": "tomato_soup_can", "grasp_pose": {"position": {"y": 0.20880006912663188, "x": 0.5009340894961032, "z": 0.14129113687594208}, "orientation": {"y": 0.8124710147567117, "x": -0.437765028547755, "z": -0.23338746107948677, "w": -0.3062399761162049}}, "stability_score": 0.0}