{"GRASPA_board_pose": {"position": {"y": -0.2530385588762471, "x": 0.4660765772951382, "z": 0.07405440578331524}, "orientation": {"y": -0.012186281044092192, "x": 0.020061240034506662, "z": -0.6910699386718017, "w": 0.7224066590686612}}, "grasped_score": "1", "object": "potted_meat", "grasp_pose": {"position": {"y": 0.10606137740981432, "x": 0.4853286714658023, "z": 0.13519244925668694}, "orientation": {"y": 0.33059372335170145, "x": 0.9416665862175045, "z": -0.05930816281769835, "w": 0.021316010534799642}}, "stability_score": 1.0}