{"GRASPA_board_pose": {"position": {"y": -0.2525869925108922, "x": 0.46595377409581806, "z": 0.07382590597445748}, "orientation": {"y": -0.01428075298309427, "x": 0.020922163977204634, "z": -0.6909795579952418, "w": 0.7224303243783773}}, "grasped_score": "1", "object": "power_drill", "grasp_pose": {"position": {"y": 0.20741636462707683, "x": 0.7050179823208957, "z": 0.1181451683588094}, "orientation": {"y": 0.7639731938683039, "x": 0.5824786499384718, "z": -0.14439573936498312, "w": 0.23709376176896313}}, "stability_score": 1.0}