{"GRASPA_board_pose": {"position": {"y": -0.25263661203696275, "x": 0.4652681037037909, "z": 0.07318303942828219}, "orientation": {"y": -0.014084372314844705, "x": 0.021499309813427302, "z": -0.6971550927244645, "w": 0.7164594802376382}}, "grasped_score": "1", "object": "strawberry", "grasp_pose": {"position": {"y": -0.08052232974518037, "x": 0.6735423315243066, "z": 0.09131184880679932}, "orientation": {"y": 0.9601036559722405, "x": 0.25872723978275913, "z": 0.014439804092468632, "w": 0.10513171377326389}}, "stability_score": 1.0}