{"GRASPA_board_pose": {"position": {"y": -0.25308592714890144, "x": 0.4661433820270505, "z": 0.07589094949862563}, "orientation": {"y": -0.01258313572471798, "x": 0.017933340154167123, "z": -0.6907965534608301, "w": 0.7227172211403895}}, "grasped_score": "1", "object": "power_drill", "grasp_pose": {"position": {"y": 0.16788455009826805, "x": 0.7022665113023246, "z": 0.23204508856998857}, "orientation": {"y": 0.4032977245644001, "x": -0.45331649363131055, "z": 0.590652702214916, "w": 0.5319628627349939}}, "stability_score": 0.2}