{"GRASPA_board_pose": {"position": {"y": -0.24935656050316546, "x": 0.47336027132505976, "z": 0.07604343403955938}, "orientation": {"y": -0.009706008935332328, "x": 0.018698131219231962, "z": -0.692639808802034, "w": 0.7209759139819705}}, "grasped_score": "0", "object": "tomato_soup_can", "grasp_pose": {"position": {"y": 0.20681730670808668, "x": 0.5042362548204569, "z": 0.14765325611017954}, "orientation": {"y": 0.8859284784575301, "x": -0.41525979764216026, "z": -0.12549053903464857, "w": -0.1641406595969178}}, "stability_score": 0.0}