{"GRASPA_board_pose": {"position": {"y": -0.2556915524112138, "x": 0.46663881173627597, "z": 0.07379323712432206}, "orientation": {"y": -0.013305646636200047, "x": 0.02087832672765435, "z": -0.7056158228173282, "w": 0.7081619629932623}}, "grasped_score": "1", "object": "medium_clamp", "grasp_pose": {"position": {"y": 0.06582170803538526, "x": 0.7099162867515203, "z": 0.08037126211264056}, "orientation": {"y": 0.5881527887508821, "x": 0.8079085439868963, "z": 0.009572710324483862, "w": 0.035615233462345554}}, "stability_score": 1.0}