{"GRASPA_board_pose": {"position": {"y": -0.25337879296197835, "x": 0.46608351617919425, "z": 0.07410320144368865}, "orientation": {"y": -0.012461988883751395, "x": 0.020153835716440346, "z": -0.6911965779660179, "w": 0.7222782097966425}}, "grasped_score": "1", "object": "scissors", "grasp_pose": {"position": {"y": 0.10921729017661969, "x": 0.5914376043907603, "z": 0.07206334220367139}, "orientation": {"y": 0.8429725263466462, "x": 0.5378367563155575, "z": -0.01013501703347506, "w": -0.005121016544009377}}, "stability_score": 1.0}