{"GRASPA_board_pose": {"position": {"y": -0.24514777171159266, "x": 0.4461652221650555, "z": 0.07621267422490535}, "orientation": {"y": -0.011437204399213013, "x": 0.01660429172761354, "z": -0.697830217561081, "w": 0.7159793819031448}}, "grasped_score": "0", "object": "mustard_bottle", "grasp_pose": {"position": {"y": -0.17352746875793723, "x": 0.7083102582662294, "z": 0.19625978261915222}, "orientation": {"y": 0.1438046773628315, "x": 0.9799446823072607, "z": 0.12053013561117529, "w": -0.06709039272388932}}, "stability_score": 0.0}