{"GRASPA_board_pose": {"position": {"y": -0.2537366792119, "x": 0.46571530150547863, "z": 0.07561837900990948}, "orientation": {"y": -0.011329758665200817, "x": 0.018257269819713918, "z": -0.6908159474486567, "w": 0.7227113084890351}}, "grasped_score": "0", "object": "strawberry", "grasp_pose": {"position": {"y": -0.07991982454280869, "x": 0.6749142196578468, "z": 0.0913343259263667}, "orientation": {"y": 0.9244008310972175, "x": -0.0041598514846649505, "z": 0.014855953359536982, "w": 0.3811103511480349}}, "stability_score": 0.0}