{"GRASPA_board_pose": {"position": {"y": -0.2538735013477986, "x": 0.46599375469367743, "z": 0.07174285991270751}, "orientation": {"y": -0.013210043054445788, "x": 0.02288279729026679, "z": -0.6905104675038958, "w": 0.7228396548462346}}, "grasped_score": "1", "object": "scissors", "grasp_pose": {"position": {"y": 0.10360047465881568, "x": 0.5927102838808802, "z": 0.07315070108897326}, "orientation": {"y": 0.8577092016746304, "x": 0.5135957778186848, "z": -0.004342255889627398, "w": 0.02313973170278785}}, "stability_score": 1.0}