{"GRASPA_board_pose": {"position": {"y": -0.25600248153351796, "x": 0.46592930286600426, "z": 0.07390166278032195}, "orientation": {"y": -0.013281066631893435, "x": 0.020883099621125147, "z": -0.7058239036621055, "w": 0.70795489011555}}, "grasped_score": "1", "object": "medium_clamp", "grasp_pose": {"position": {"y": 0.08747516695749612, "x": 0.7112490055048049, "z": 0.07826816514826873}, "orientation": {"y": 0.657907094722769, "x": 0.7512713812495952, "z": 0.042600974375638825, "w": -0.030573246654825526}}, "stability_score": 1.0}