{"GRASPA_board_pose": {"position": {"y": -0.25331579546449007, "x": 0.46618681943990914, "z": 0.07381354909446403}, "orientation": {"y": -0.012190432831282117, "x": 0.02018633712081174, "z": -0.6908191106600284, "w": 0.7226429695831256}}, "grasped_score": "0", "object": "power_drill", "grasp_pose": {"position": {"y": 0.15460596759420986, "x": 0.7222220631444314, "z": 0.22990892304928656}, "orientation": {"y": -0.18003673089022182, "x": 0.7011042066322326, "z": 0.6879608126671927, "w": 0.05243650643631207}}, "stability_score": 0.0}