{"GRASPA_board_pose": {"position": {"y": -0.25475461629874685, "x": 0.4645688093078103, "z": 0.07393038453943995}, "orientation": {"y": -0.013842682712760696, "x": 0.01995928140016809, "z": -0.6917522001375994, "w": 0.7217263337485291}}, "grasped_score": "0", "object": "pear", "grasp_pose": {"position": {"y": -0.014196401974400561, "x": 0.5644348904592804, "z": 0.11768893512503098}, "orientation": {"y": 0.0377093880558631, "x": 0.9177095381012098, "z": 0.3923092247063088, "w": -0.04980640461679213}}, "stability_score": 0.0}