{"GRASPA_board_pose": {"position": {"y": -0.2528759861151159, "x": 0.46570255573909314, "z": 0.07577309078090383}, "orientation": {"y": -0.014539206928362003, "x": 0.01824309544579605, "z": -0.6913015885637641, "w": 0.7221896666248184}}, "grasped_score": "0", "object": "power_drill", "grasp_pose": {"position": {"y": 0.16809656916509746, "x": 0.704377545910817, "z": 0.22493698829949577}, "orientation": {"y": 0.49985799976311013, "x": -0.36236208974928585, "z": 0.5715085309389615, "w": 0.5405679374966142}}, "stability_score": 0.0}