{"GRASPA_board_pose": {"position": {"y": -0.25960158712242065, "x": 0.46447632672408873, "z": 0.07469274873547288}, "orientation": {"y": -0.007992537357205782, "x": 0.01842193117834283, "z": -0.6987232309285238, "w": 0.7151102001503394}}, "grasped_score": "1", "object": "chips_can", "grasp_pose": {"position": {"y": -0.07935597027350469, "x": 0.7271819262284638, "z": 0.31092901965475844}, "orientation": {"y": -0.5110733368226845, "x": 0.5545919121016237, "z": 0.42946151782115255, "w": 0.49678431953026025}}, "stability_score": 1.0}