{"GRASPA_board_pose": {"position": {"y": -0.2526951134334148, "x": 0.4646434213956568, "z": 0.07397917989876629}, "orientation": {"y": -0.014809138470765997, "x": 0.0201426992403564, "z": -0.6973944397222912, "w": 0.7162513221834206}}, "grasped_score": "1", "object": "tennis_ball", "grasp_pose": {"position": {"y": -0.10850997354997766, "x": 0.522684678473768, "z": 0.10397781834853859}, "orientation": {"y": -0.412139963605152, "x": 0.8153517864727184, "z": 0.3762580171532819, "w": 0.1541817733169892}}, "stability_score": 1.0}