{"GRASPA_board_pose": {"position": {"y": -0.24897582056156986, "x": 0.4731871365787271, "z": 0.07715418012605185}, "orientation": {"y": -0.012143778645541099, "x": 0.01702025421873277, "z": -0.6930405609608844, "w": 0.7205953236384209}}, "grasped_score": "1", "object": "tomato_soup_can", "grasp_pose": {"position": {"y": 0.2192390925064803, "x": 0.4992338420290836, "z": 0.1111734342185422}, "orientation": {"y": 0.42366171956298126, "x": 0.8000959473114169, "z": -0.3116421204986989, "w": 0.2885072117016471}}, "stability_score": 1.0}