{"GRASPA_board_pose": {"position": {"y": -0.25292014402460067, "x": 0.46463838164232557, "z": 0.07432345768331311}, "orientation": {"y": -0.012958089165889206, "x": 0.01977682814711899, "z": -0.6973069477728849, "w": 0.7163825692891134}}, "grasped_score": "0", "object": "tomato_soup_can", "grasp_pose": {"position": {"y": 0.20127522498809336, "x": 0.4905169290500803, "z": 0.15305481349152372}, "orientation": {"y": 0.8164994874305166, "x": -0.4294576779879182, "z": -0.14080715670913613, "w": -0.35926039924046477}}, "stability_score": 0.0}