{"GRASPA_board_pose": {"position": {"y": -0.25386986187945676, "x": 0.4657067571253592, "z": 0.07658985657224177}, "orientation": {"y": -0.010200815861449563, "x": 0.016852960515624307, "z": -0.6907579564051809, "w": 0.7228176580165693}}, "grasped_score": "1", "object": "strawberry", "grasp_pose": {"position": {"y": -0.07570876685424438, "x": 0.6696377976156853, "z": 0.0936634400745191}, "orientation": {"y": 0.968238995823518, "x": 0.08814119684723817, "z": 0.015420960321586626, "w": 0.23346642235611073}}, "stability_score": 1.0}