{"GRASPA_board_pose": {"position": {"y": -0.271447884783408, "x": 0.4122551942117395, "z": 0.08227210821845571}, "orientation": {"y": -0.01533600026413354, "x": 0.005658688479127123, "z": -0.6975299844842078, "w": 0.7163691137158662}}, "grasped_score": "0", "object": "tomato_soup_can", "grasp_pose": {"position": {"y": 0.20024408973204302, "x": 0.4208369943061395, "z": 0.15442333889218007}, "orientation": {"y": 0.9764351438713639, "x": -0.004731611892694793, "z": -0.08940807953553444, "w": 0.19636246325500487}}, "stability_score": 0.0}