{"GRASPA_board_pose": {"position": {"y": -0.27341361025624955, "x": 0.41478278411327657, "z": 0.08301875333637784}, "orientation": {"y": -0.01048986006742673, "x": 0.006005814881936008, "z": -0.6943744740346042, "w": 0.7195123229191677}}, "grasped_score": "1", "object": "strawberry", "grasp_pose": {"position": {"y": -0.09862635535532556, "x": 0.6280503528406212, "z": 0.08909399265398454}, "orientation": {"y": -0.6243218140464599, "x": 0.7036928218219806, "z": -0.26448604342757787, "w": -0.21233421263183505}}, "stability_score": 1.0}