{"GRASPA_board_pose": {"position": {"y": -0.27099797690615546, "x": 0.4142283171141351, "z": 0.08124873063863175}, "orientation": {"y": -0.016550799709496456, "x": 0.006543247317674737, "z": -0.6980681672739888, "w": 0.715810094076809}}, "grasped_score": "1", "object": "tennis_ball", "grasp_pose": {"position": {"y": -0.1359495426076458, "x": 0.4621694194201005, "z": 0.1004950741567503}, "orientation": {"y": 0.7456432896562181, "x": -0.6404453498973539, "z": -0.15529266266808178, "w": -0.09864090078140403}}, "stability_score": 1.0}