{"GRASPA_board_pose": {"position": {"y": -0.27064377442218085, "x": 0.4047650942699395, "z": 0.07897977616563645}, "orientation": {"y": -0.01748198648136729, "x": 0.007592684454633622, "z": -0.7035966195710316, "w": 0.7103439506462024}}, "grasped_score": "0", "object": "potted_meat_can", "grasp_pose": {"position": {"y": 0.08036256294322759, "x": 0.4288234859102482, "z": 0.12980994241642152}, "orientation": {"y": 0.25205355120098, "x": 0.9479772538614933, "z": 0.12131670407646991, "w": 0.15195522630110259}}, "stability_score": 0.0}