{"GRASPA_board_pose": {"position": {"y": -0.2708393377928943, "x": 0.41384113140590395, "z": 0.07849380422347513}, "orientation": {"y": -0.018767178368039296, "x": 0.010449219987357697, "z": -0.6966925992896827, "w": 0.7170481357013235}}, "grasped_score": "0", "object": "pear", "grasp_pose": {"position": {"y": -0.03817997909316481, "x": 0.487308062363509, "z": 0.12377386339010699}, "orientation": {"y": -0.5653294162428792, "x": 0.607966580683151, "z": -0.5239213170206124, "w": -0.19048816623168532}}, "stability_score": 0.0}