{"GRASPA_board_pose": {"position": {"y": -0.2701557973546138, "x": 0.40681328292515617, "z": 0.07929901990546528}, "orientation": {"y": -0.015242378142569612, "x": 0.007898829437416481, "z": -0.7023108866980278, "w": 0.7116633310965989}}, "grasped_score": "0", "object": "mustard_bottle", "grasp_pose": {"position": {"y": -0.20477425764446924, "x": 0.6797461958084129, "z": 0.21316361415553453}, "orientation": {"y": 0.2325633165962036, "x": 0.9200415623616696, "z": 0.2876022895788, "w": -0.1293164735441889}}, "stability_score": 0.0}