{"GRASPA_board_pose": {"position": {"y": -0.270358100624286, "x": 0.4120825967518821, "z": 0.08259251231700632}, "orientation": {"y": -0.017983317933501934, "x": 0.0043605003498025366, "z": -0.6984201740844918, "w": 0.7154487030840085}}, "grasped_score": "0", "object": "tomato_soup_can", "grasp_pose": {"position": {"y": 0.2014823615482132, "x": 0.41177982069639785, "z": 0.15396576925508831}, "orientation": {"y": 0.9950650924861532, "x": 0.014215816476954912, "z": -0.04745879934838336, "w": 0.08597112679165672}}, "stability_score": 0.0}