{"GRASPA_board_pose": {"position": {"y": -0.26752761903061667, "x": 0.4041625324700542, "z": 0.0815083170461493}, "orientation": {"y": -0.02142703135721259, "x": 0.0040880748302796165, "z": -0.7063837187642988, "w": 0.7074929058556834}}, "grasped_score": "1", "object": "chips_can", "grasp_pose": {"position": {"y": -0.06196011395700082, "x": 0.6775890376761053, "z": 0.28617501001240564}, "orientation": {"y": 0.4560463257848181, "x": 0.5610949622806868, "z": 0.5364957463600187, "w": -0.43516262038347187}}, "stability_score": 1.0}