{"GRASPA_board_pose": {"position": {"y": -0.27228055456461453, "x": 0.41308928601619976, "z": 0.0826907668274442}, "orientation": {"y": -0.01932811471626172, "x": 0.004443129743557387, "z": -0.6985450673021599, "w": 0.7152911795397856}}, "grasped_score": "0", "object": "power_drill", "grasp_pose": {"position": {"y": 0.1785064036479572, "x": 0.6605801880752747, "z": 0.23828569538096922}, "orientation": {"y": 0.7429673448676277, "x": 0.6223322226425986, "z": 0.21980332586521867, "w": -0.11130420953251967}}, "stability_score": 0.0}