{"GRASPA_board_pose": {"position": {"y": -0.2698687067857146, "x": 0.4054422636838045, "z": 0.08028725783171453}, "orientation": {"y": -0.014224655939442292, "x": 0.006634251413161163, "z": -0.704086421086081, "w": 0.7099408126835541}}, "grasped_score": "1", "object": "chips_can", "grasp_pose": {"position": {"y": -0.09416700077538032, "x": 0.6767362945191635, "z": 0.2949955000978645}, "orientation": {"y": -0.5793386932209251, "x": 0.6025104317407142, "z": 0.3798916345969485, "w": 0.3962703674815314}}, "stability_score": 1.0}