{"GRASPA_board_pose": {"position": {"y": -0.2701674324830523, "x": 0.4135284123994625, "z": 0.08259172022499528}, "orientation": {"y": -0.016355141738438897, "x": 0.005306446239736049, "z": -0.6987836328465801, "w": 0.7151264122046932}}, "grasped_score": "1", "object": "tennis_ball", "grasp_pose": {"position": {"y": -0.12961129183318756, "x": 0.4559042944418198, "z": 0.1002133387011086}, "orientation": {"y": -0.6800753700960491, "x": 0.7216414688283591, "z": 0.07639408005961414, "w": 0.10437924117282786}}, "stability_score": 1.0}