{"GRASPA_board_pose": {"position": {"y": -0.2696619109448358, "x": 0.40568726374620556, "z": 0.07853947351663781}, "orientation": {"y": -0.016316785142024608, "x": 0.008979610146383554, "z": -0.7032005806476319, "w": 0.7107475448435128}}, "grasped_score": "0", "object": "potted_meat_can", "grasp_pose": {"position": {"y": 0.07867574851251369, "x": 0.4216205838141116, "z": 0.13299534292870474}, "orientation": {"y": 0.26844687992994004, "x": 0.9443762605617257, "z": 0.10584817040819397, "w": 0.15775270509430328}}, "stability_score": 0.0}