{"GRASPA_board_pose": {"position": {"y": -0.2715748550744812, "x": 0.40513482356349173, "z": 0.0790125274235684}, "orientation": {"y": -0.015575522093177571, "x": 0.007828994623524394, "z": -0.70298165454574, "w": 0.7109943061142219}}, "grasped_score": "0", "object": "potted_meat_can", "grasp_pose": {"position": {"y": 0.08427019899779731, "x": 0.4286104959694411, "z": 0.13253453635584045}, "orientation": {"y": 0.28442183270180615, "x": 0.9425952050338656, "z": 0.12884276531287658, "w": 0.11839781398421795}}, "stability_score": 0.0}