{"GRASPA_board_pose": {"position": {"y": -0.2700732850718962, "x": 0.4133320236195821, "z": 0.08077073579011967}, "orientation": {"y": -0.01964510459062029, "x": 0.007147127461225444, "z": -0.6976224573553919, "w": 0.7161605235057997}}, "grasped_score": "1", "object": "pear", "grasp_pose": {"position": {"y": -0.036414336364650524, "x": 0.5031429641141302, "z": 0.09856517529136732}, "orientation": {"y": 0.28620638820486277, "x": 0.9262302319165397, "z": 0.23636563381819556, "w": -0.06568674131271249}}, "stability_score": 1.0}