{"GRASPA_board_pose": {"position": {"y": -0.27087030961305864, "x": 0.4119457575131037, "z": 0.08148742258521685}, "orientation": {"y": -0.016881606116494974, "x": 0.005976020907921699, "z": -0.6985502111260348, "w": 0.7153369143870656}}, "grasped_score": "1", "object": "medium_clamp", "grasp_pose": {"position": {"y": 0.050625136849850864, "x": 0.6381125963980836, "z": 0.07814149328812448}, "orientation": {"y": -0.6857855379119615, "x": 0.7271626630684094, "z": 0.02006981464353531, "w": 0.023018687413381377}}, "stability_score": 1.0}