{"GRASPA_board_pose": {"position": {"y": -0.269304615143816, "x": 0.4058419492881133, "z": 0.07980344149337554}, "orientation": {"y": -0.016218017265490478, "x": 0.00747580790286544, "z": -0.7032304320314294, "w": 0.710737678526378}}, "grasped_score": "0", "object": "mustard_bottle", "grasp_pose": {"position": {"y": -0.2074407203053295, "x": 0.6847414382668494, "z": 0.23019946483389336}, "orientation": {"y": 0.23036090947308532, "x": 0.7822308861008475, "z": 0.5512381154941152, "w": -0.1765934093988571}}, "stability_score": 0.0}