{"GRASPA_board_pose": {"position": {"y": -0.2700498486789267, "x": 0.4136920267256101, "z": 0.08209632953919199}, "orientation": {"y": -0.01655762624587302, "x": 0.0049291721597726715, "z": -0.6989613289484653, "w": 0.7149507737666395}}, "grasped_score": "1", "object": "tennis_ball", "grasp_pose": {"position": {"y": -0.11097048891955394, "x": 0.4563141989383612, "z": 0.1160934056263111}, "orientation": {"y": 0.29643524655088976, "x": 0.8614045694522194, "z": -0.41142228972493583, "w": -0.02898295786563687}}, "stability_score": 1.0}