{"GRASPA_board_pose": {"position": {"y": -0.27013957149465906, "x": 0.41216649563869584, "z": 0.0821801165531919}, "orientation": {"y": -0.018989691212291424, "x": 0.004455597957927137, "z": -0.6987968570972043, "w": 0.7150541880064536}}, "grasped_score": "0", "object": "tomato_soup_can", "grasp_pose": {"position": {"y": 0.2037579748861803, "x": 0.42907470043431845, "z": 0.16023238539404472}, "orientation": {"y": 0.9560134862882933, "x": -0.08996938983843457, "z": -0.10845824849526144, "w": 0.2572557701206}}, "stability_score": 0.0}