{"GRASPA_board_pose": {"position": {"y": -0.271830489265374, "x": 0.40511907781394013, "z": 0.07935865482873022}, "orientation": {"y": -0.014300487044626213, "x": 0.008335876126220894, "z": -0.7023615989907461, "w": 0.7116278476160538}}, "grasped_score": "0", "object": "potted_meat_can", "grasp_pose": {"position": {"y": 0.06644522169162735, "x": 0.4305444301974889, "z": 0.13443620387369182}, "orientation": {"y": 0.21745350860619794, "x": 0.9282216757547416, "z": 0.11173760777415336, "w": 0.280416118051055}}, "stability_score": 0.0}