{"GRASPA_board_pose": {"position": {"y": -0.2723045982736647, "x": 0.4133893466317348, "z": 0.08173591299124439}, "orientation": {"y": -0.0165087173046693, "x": 0.0054480179116076525, "z": -0.6986308519003115, "w": 0.7152710773733512}}, "grasped_score": "0", "object": "power_drill", "grasp_pose": {"position": {"y": 0.1686509274358373, "x": 0.6602474195253785, "z": 0.2404112202642379}, "orientation": {"y": -0.632881943068824, "x": 0.7100234946229875, "z": -0.1352725610919286, "w": -0.2775399384528664}}, "stability_score": 0.0}