{"GRASPA_board_pose": {"position": {"y": -0.2693702829942931, "x": 0.40631542436329865, "z": 0.07927868671454169}, "orientation": {"y": -0.015834484467142317, "x": 0.00798041237427766, "z": -0.7029065861982192, "w": 0.7110611177663716}}, "grasped_score": "0", "object": "mustard_bottle", "grasp_pose": {"position": {"y": -0.20706043505848948, "x": 0.6942320035180864, "z": 0.24035986534621084}, "orientation": {"y": 0.2340816048533536, "x": 0.820017392867919, "z": 0.5085072522285193, "w": -0.11915390087773309}}, "stability_score": 0.0}