{"GRASPA_board_pose": {"position": {"y": -0.25206978323921264, "x": 0.45581151509315543, "z": 0.07585135666834203}, "orientation": {"y": -0.010883465759270603, "x": 0.017000983022333504, "z": -0.6936681148089338, "w": 0.7200118493794118}}, "grasped_score": "1", "object": "foam_brick", "grasp_pose": {"position": {"y": 0.14257325528660433, "x": 0.5682724974842693, "z": 0.10849103935252513}, "orientation": {"y": 0.9891221927599833, "x": 0.13129676798652998, "z": 0.04880155731289292, "w": 0.044909403356206835}}, "stability_score": 1.0}