{"GRASPA_board_pose": {"position": {"y": -0.25239860830431154, "x": 0.45592453674965105, "z": 0.07672005665549997}, "orientation": {"y": -0.010429208368024022, "x": 0.01596883789391966, "z": -0.6936233706048757, "w": 0.7200853057658277}}, "grasped_score": "0", "object": "mustard_bottle", "grasp_pose": {"position": {"y": -0.1566727195386037, "x": 0.6233071278141022, "z": 0.21749238682473737}, "orientation": {"y": 0.997193571603473, "x": -0.00668616582144861, "z": 0.009289317284946025, "w": -0.07398638066358404}}, "stability_score": 0.0}