{"GRASPA_board_pose": {"position": {"y": -0.2524020992723339, "x": 0.4558065929182604, "z": 0.07618105051743118}, "orientation": {"y": -0.01093125099896449, "x": 0.016834711232026584, "z": -0.6935968812113019, "w": 0.7200836525177383}}, "grasped_score": "1", "object": "gelatin_box", "grasp_pose": {"position": {"y": 0.19016382114108718, "x": 0.6711990837103988, "z": 0.16188556485983174}, "orientation": {"y": 0.922004015212449, "x": 0.38283915467543506, "z": 0.049287273091303214, "w": -0.0302248621294397}}, "stability_score": 1.0}