{"GRASPA_board_pose": {"position": {"y": -0.25252811578517154, "x": 0.4558887651395779, "z": 0.07663575313764803}, "orientation": {"y": -0.010729955684575954, "x": 0.016145221214487682, "z": -0.6936108961608459, "w": 0.7200889699265574}}, "grasped_score": "0", "object": "mustard_bottle", "grasp_pose": {"position": {"y": -0.15503551334424748, "x": 0.6191485634563115, "z": 0.2222339664350491}, "orientation": {"y": 0.9969069740372339, "x": 0.024729979538972567, "z": 0.0522379501712935, "w": -0.05325513862369819}}, "stability_score": 0.0}