{"GRASPA_board_pose": {"position": {"y": -0.25232725746388823, "x": 0.45585076559063215, "z": 0.07624328192155438}, "orientation": {"y": -0.010769020934098275, "x": 0.016503918188908465, "z": -0.6935573304652014, "w": 0.7201318478101896}}, "grasped_score": "1", "object": "gelatin_box", "grasp_pose": {"position": {"y": 0.1941960516234305, "x": 0.6644572826561604, "z": 0.15706887477709153}, "orientation": {"y": 0.9434188306166977, "x": 0.3057285412495797, "z": 0.006086490826211421, "w": 0.12827284877420259}}, "stability_score": 1.0}