{"GRASPA_board_pose": {"position": {"y": -0.2525654855926658, "x": 0.4557558621158279, "z": 0.07554224610737625}, "orientation": {"y": -0.010372055858124566, "x": 0.017459195306312715, "z": -0.6936522889383397, "w": 0.7200236794766779}}, "grasped_score": "1", "object": "potted_meat_can", "grasp_pose": {"position": {"y": -0.02881831498124339, "x": 0.6704927969163403, "z": 0.15837151936630822}, "orientation": {"y": 0.905993596774236, "x": 0.3486622528672192, "z": 0.024834115581398253, "w": 0.23873312030995691}}, "stability_score": 1.0}