{"GRASPA_board_pose": {"position": {"y": -0.25245735493284066, "x": 0.45594976870547577, "z": 0.07639886356958642}, "orientation": {"y": -0.01129871103487841, "x": 0.01685099524650793, "z": -0.6934986289242673, "w": 0.7201722257684711}}, "grasped_score": "1", "object": "gelatin_box", "grasp_pose": {"position": {"y": 0.18469141362051347, "x": 0.6738917376009907, "z": 0.15763309726480468}, "orientation": {"y": 0.9303940983381557, "x": 0.3538511670738027, "z": 0.052707197033062286, "w": 0.07986316246528304}}, "stability_score": 1.0}