{"GRASPA_board_pose": {"position": {"y": -0.27182862594086604, "x": 0.40867869702800474, "z": 0.07911289855600578}, "orientation": {"y": -0.012945530052286703, "x": 0.008927490333843545, "z": -0.7023408373094733, "w": 0.7116671001356129}}, "grasped_score": "0", "object": "hammer", "grasp_pose": {"position": {"y": 0.08914200267244542, "x": 0.44086133008808975, "z": 0.07296237767098002}, "orientation": {"y": 0.6612478164602773, "x": 0.7497905955282047, "z": 0.021738116913398227, "w": -0.009635473887452737}}, "stability_score": 0.0}