{"GRASPA_board_pose": {"position": {"y": -0.2729481495292687, "x": 0.4076515741817991, "z": 0.07791119891506337}, "orientation": {"y": -0.011799786184503065, "x": 0.010329406970669593, "z": -0.7019742890499564, "w": 0.7120296102764567}}, "grasped_score": "1", "object": "cracker_box", "grasp_pose": {"position": {"y": -0.08522974748274402, "x": 0.5886059991323295, "z": 0.22674681492589333}, "orientation": {"y": -0.4173072609010334, "x": 0.9046458078927995, "z": 0.02314099776693749, "w": -0.0832772867210008}}, "stability_score": 1.0}