{"GRASPA_board_pose": {"position": {"y": -0.2736320473097449, "x": 0.4071616243946924, "z": 0.07773911027834918}, "orientation": {"y": -0.012186538358514366, "x": 0.011075059878138891, "z": -0.7024439473922407, "w": 0.711548545148916}}, "grasped_score": "0", "object": "tennis_ball", "grasp_pose": {"position": {"y": -0.21225020081422874, "x": 0.5662946478573736, "z": 0.088459505119177}, "orientation": {"y": -0.5433963417638652, "x": 0.7734261604489809, "z": -0.2621796270068231, "w": -0.1944073899659134}}, "stability_score": 0.0}