{"GRASPA_board_pose": {"position": {"y": -0.2727963498342902, "x": 0.4076074218449381, "z": 0.07953135334754063}, "orientation": {"y": -0.011539033357093163, "x": 0.008785833781933266, "z": -0.7018933735616525, "w": 0.7121343637152909}}, "grasped_score": "1", "object": "mustard_bottle", "grasp_pose": {"position": {"y": 0.11663062694986934, "x": 0.5449009326699696, "z": 0.21250534319387648}, "orientation": {"y": -0.5896925643428922, "x": 0.6888643804466225, "z": 0.2512924710150444, "w": 0.3384976202600965}}, "stability_score": 1.0}