{"GRASPA_board_pose": {"position": {"y": -0.273306016171063, "x": 0.40810516759176235, "z": 0.07646480117834015}, "orientation": {"y": -0.012625680683513708, "x": 0.012685961566276348, "z": -0.7015164612746894, "w": 0.7124284617609367}}, "grasped_score": "1", "object": "potted_meat_can", "grasp_pose": {"position": {"y": -0.17049656597186275, "x": 0.45072041546860137, "z": 0.13111085582758952}, "orientation": {"y": 0.9307552478382437, "x": 0.3300151674244005, "z": 0.11512864411878514, "w": 0.10737808526317107}}, "stability_score": 1.0}