{"GRASPA_board_pose": {"position": {"y": -0.27360940607028916, "x": 0.40787356022327514, "z": 0.07787616507464096}, "orientation": {"y": -0.011835974702317698, "x": 0.010356647174258798, "z": -0.7016920672903011, "w": 0.7123067402910193}}, "grasped_score": "0", "object": "mustard_bottle", "grasp_pose": {"position": {"y": 0.10697142144968583, "x": 0.5589315941289652, "z": 0.1967206892920781}, "orientation": {"y": 0.5563684736604639, "x": 0.5320815081920818, "z": 0.520965917511387, "w": -0.3686975765424608}}, "stability_score": 0.0}