{"GRASPA_board_pose": {"position": {"y": -0.27342700614932947, "x": 0.40778714101442043, "z": 0.08016826960553947}, "orientation": {"y": -0.010956451833524117, "x": 0.00841445323553554, "z": -0.7017989431499159, "w": 0.7122411084272151}}, "grasped_score": "1", "object": "cracker_box", "grasp_pose": {"position": {"y": -0.0653397019495112, "x": 0.5717829430488055, "z": 0.22765117506496635}, "orientation": {"y": -0.4039679204595274, "x": 0.9106811296335069, "z": 0.02385927420239958, "w": -0.08306945529844101}}, "stability_score": 1.0}