{"GRASPA_board_pose": {"position": {"y": -0.27373717070931214, "x": 0.4072769237464659, "z": 0.07877843588070693}, "orientation": {"y": -0.010407688781860863, "x": 0.009137942665750185, "z": -0.7023154387437222, "w": 0.7117311307792223}}, "grasped_score": "0", "object": "chips_can", "grasp_pose": {"position": {"y": -0.027996061002382173, "x": 0.6974703821557495, "z": 0.2994670909157168}, "orientation": {"y": 0.1416659018851404, "x": 0.7020247566453994, "z": 0.6839473301201423, "w": -0.13895345595402275}}, "stability_score": 0.0}