{"GRASPA_board_pose": {"position": {"y": -0.27344013368370457, "x": 0.40795290742320256, "z": 0.07981485642719827}, "orientation": {"y": -0.009804705219177357, "x": 0.008687667406900239, "z": -0.7016406077906305, "w": 0.7124105906636895}}, "grasped_score": "1", "object": "cracker_box", "grasp_pose": {"position": {"y": -0.09860676319464096, "x": 0.6011675150887853, "z": 0.22413568561226294}, "orientation": {"y": -0.3898445371726552, "x": 0.9183488156562613, "z": -0.004028302949527432, "w": -0.06812093947331502}}, "stability_score": 1.0}