{"GRASPA_board_pose": {"position": {"y": -0.27281296046939146, "x": 0.4076305117646318, "z": 0.07882753796269765}, "orientation": {"y": -0.013042083341201967, "x": 0.009098458795929788, "z": -0.7019028989375398, "w": 0.712095107814074}}, "grasped_score": "1", "object": "potted_meat_can", "grasp_pose": {"position": {"y": -0.1651493311258644, "x": 0.43688836912330437, "z": 0.13273928295427462}, "orientation": {"y": 0.9654081908808714, "x": 0.23051498289193834, "z": 0.09633821339205308, "w": 0.07462450189367774}}, "stability_score": 1.0}