{"GRASPA_board_pose": {"position": {"y": -0.2734324865326711, "x": 0.40698392675700257, "z": 0.07743743747228277}, "orientation": {"y": -0.012450226836440263, "x": 0.011118557862662673, "z": -0.7025324185502893, "w": 0.7114559511372839}}, "grasped_score": "1", "object": "tennis_ball", "grasp_pose": {"position": {"y": -0.20502663265154875, "x": 0.5579208730942083, "z": 0.0977980671452261}, "orientation": {"y": -0.5211478782782322, "x": 0.8210722707327254, "z": -0.21534241194776516, "w": -0.08872914299384518}}, "stability_score": 1.0}