{"GRASPA_board_pose": {"position": {"y": -0.27353567782130656, "x": 0.4073393684631988, "z": 0.07936802449209485}, "orientation": {"y": -0.010044207922799428, "x": 0.00768407922841218, "z": -0.7024525756481999, "w": 0.7116181896064945}}, "grasped_score": "0", "object": "chips_can", "grasp_pose": {"position": {"y": -0.03140061423307605, "x": 0.6900570725274162, "z": 0.293099305280783}, "orientation": {"y": 0.2722330707591874, "x": 0.7501393501969258, "z": 0.5994457224288812, "w": -0.062007550611794506}}, "stability_score": 0.0}