{"GRASPA_board_pose": {"position": {"y": -0.2730544613096757, "x": 0.40863302430817555, "z": 0.07772860349626243}, "orientation": {"y": -0.010487633749054977, "x": 0.010917682535429215, "z": -0.7011438723937331, "w": 0.7128590912313048}}, "grasped_score": "0", "object": "hammer", "grasp_pose": {"position": {"y": 0.0750128962700354, "x": 0.4317316028192492, "z": 0.07266602233789676}, "orientation": {"y": 0.724838953982068, "x": -0.6887225010929536, "z": 0.015842094976583943, "w": 0.00433996603680824}}, "stability_score": 0.0}