{"GRASPA_board_pose": {"position": {"y": -0.28277992554885156, "x": 0.47551001472022497, "z": 0.07400623173519527}, "orientation": {"y": -0.013002992199413813, "x": 0.019646954705224696, "z": -0.6893563323181974, "w": 0.7240392022932709}}, "grasped_score": "1", "object": "cracker_box", "grasp_pose": {"position": {"y": -0.07714673567902237, "x": 0.6403049067962967, "z": 0.22762787876048762}, "orientation": {"y": 0.9120123307085034, "x": 0.4076390166887032, "z": 0.03468202441080011, "w": 0.0293444695211835}}, "stability_score": 1.0}