{"GRASPA_board_pose": {"position": {"y": -0.282821704993873, "x": 0.4751867046270949, "z": 0.07325916739225302}, "orientation": {"y": -0.012160792424277008, "x": 0.021609567016470363, "z": -0.6890720800078199, "w": 0.7242684656221553}}, "grasped_score": "1", "object": "mustard_bottle", "grasp_pose": {"position": {"y": 0.12474771937514118, "x": 0.6037339578355908, "z": 0.20571732471517495}, "orientation": {"y": 0.6332124180818706, "x": 0.5985926579198718, "z": -0.3779938815127384, "w": 0.31280902961754153}}, "stability_score": 1.0}