{"GRASPA_board_pose": {"position": {"y": -0.2829300302755816, "x": 0.47538754033806585, "z": 0.07154247451562867}, "orientation": {"y": -0.018481463678063567, "x": 0.02309806470146767, "z": -0.6892204360878034, "w": 0.7239475846953989}}, "grasped_score": "1", "object": "mustard_bottle", "grasp_pose": {"position": {"y": 0.10615736880452209, "x": 0.6106640600141748, "z": 0.18516507814124633}, "orientation": {"y": -0.46604765976293966, "x": 0.5447518790215188, "z": -0.5376923138077316, "w": -0.4437701486176141}}, "stability_score": 1.0}