{"GRASPA_board_pose": {"position": {"y": -0.2825535553051245, "x": 0.475271208847481, "z": 0.07502940575599604}, "orientation": {"y": -0.01217975352686783, "x": 0.018636506413550778, "z": -0.689506836363472, "w": 0.7239369149592791}}, "grasped_score": "1", "object": "potted_meat_can", "grasp_pose": {"position": {"y": -0.17139220512214604, "x": 0.5049042342610458, "z": 0.1331020952750237}, "orientation": {"y": -0.33547761693958156, "x": 0.930668195969107, "z": 0.039848766476733195, "w": -0.14044056876284014}}, "stability_score": 1.0}