{"GRASPA_board_pose": {"position": {"y": -0.2825865792934686, "x": 0.4752009021078986, "z": 0.07379540820040287}, "orientation": {"y": -0.013838884750545344, "x": 0.020639479108095667, "z": -0.6897824115992698, "w": 0.7235901614997976}}, "grasped_score": "1", "object": "banana", "grasp_pose": {"position": {"y": 0.23295831909953474, "x": 0.7506981947315992, "z": 0.09019144361027243}, "orientation": {"y": 0.060430870592290485, "x": 0.9978689385581265, "z": 0.018698541282594794, "w": -0.016001746599619154}}, "stability_score": 1.0}