{"GRASPA_board_pose": {"position": {"y": -0.28282537491739707, "x": 0.4798741352941803, "z": 0.07448864761942742}, "orientation": {"y": -0.01279641368425964, "x": 0.019568737249478965, "z": -0.687425880757275, "w": 0.7258780715687498}}, "grasped_score": "0", "object": "hammer", "grasp_pose": {"position": {"y": 0.0849494769155407, "x": 0.4934473997103587, "z": 0.07303600784926045}, "orientation": {"y": 0.7380206794884606, "x": -0.6744379604564761, "z": -0.018672119598969205, "w": 0.010500766275921702}}, "stability_score": 0.0}