{"GRASPA_board_pose": {"position": {"y": -0.2825428089052857, "x": 0.47533614893154286, "z": 0.07238073533509537}, "orientation": {"y": -0.020222757984933355, "x": 0.021310249015562145, "z": -0.689436172227061, "w": 0.7237504250577513}}, "grasped_score": "1", "object": "mustard_bottle", "grasp_pose": {"position": {"y": 0.10697738821739738, "x": 0.6074663578985847, "z": 0.18685131296845386}, "orientation": {"y": 0.5765161527950307, "x": 0.47103583477285293, "z": 0.44759869967465743, "w": -0.4953885060998233}}, "stability_score": 1.0}