{"GRASPA_board_pose": {"position": {"y": -0.2819865121139723, "x": 0.47437542116379183, "z": 0.07549963986865282}, "orientation": {"y": -0.01460849950215909, "x": 0.01856043603481536, "z": -0.6901672667308177, "w": 0.7232642987800556}}, "grasped_score": "0", "object": "chips_can", "grasp_pose": {"position": {"y": 0.00011598576454279266, "x": 0.7202949042011415, "z": 0.28995030036766}, "orientation": {"y": -0.509180246744949, "x": 0.5756360438437802, "z": 0.46147177736192896, "w": 0.44319569046986057}}, "stability_score": 0.0}