{"GRASPA_board_pose": {"position": {"y": -0.2482900681827804, "x": 0.40929678761819904, "z": 0.005986718123439816}, "orientation": {"y": -0.0042335765289270655, "x": 0.009804374685226323, "z": -0.7029447145258287, "w": 0.7111643125094275}}, "grasped_score": "1", "object": "strawberry", "grasp_pose": {"position": {"y": -0.09043666281125934, "x": 0.6196903531591963, "z": 0.039438359984327875}, "orientation": {"y": 0.890381229180028, "x": 0.45477276414791395, "z": 0.019702509261005603, "w": 0.0038484856694916726}}, "stability_score": 1.0}