{"GRASPA_board_pose": {"position": {"y": -0.24829538173192356, "x": 0.4093245361962043, "z": 0.005780639557894263}, "orientation": {"y": -0.005412179983667799, "x": 0.00991130856809535, "z": -0.7028206260384771, "w": 0.7112774717964679}}, "grasped_score": "1", "object": "strawberry", "grasp_pose": {"position": {"y": -0.09631095955734154, "x": 0.6233000820540242, "z": 0.04202512500432498}, "orientation": {"y": 0.8827600887250471, "x": 0.4693791100896005, "z": 0.020162556040298894, "w": 0.0033686940442984037}}, "stability_score": 1.0}