{"GRASPA_board_pose": {"position": {"y": -0.2464786969846916, "x": 0.3982108113080736, "z": 0.004462739358991663}, "orientation": {"y": -0.0013047838448377144, "x": 0.01103528866140441, "z": -0.7015676958565871, "w": 0.7125161668858867}}, "grasped_score": "1", "object": "medium_clamp", "grasp_pose": {"position": {"y": 0.1122421442346779, "x": 0.6158723606964209, "z": 0.026816287787022164}, "orientation": {"y": 0.9804060704215057, "x": 0.19595253197016985, "z": 0.017965077177862065, "w": 0.009154140982886753}}, "stability_score": 1.0}