{"GRASPA_board_pose": {"position": {"y": -0.24792939202812347, "x": 0.408846937415644, "z": 0.006394310749658683}, "orientation": {"y": 0.0007965869258231936, "x": 0.009136356177178517, "z": -0.7035619681884187, "w": 0.7105747317234914}}, "grasped_score": "0", "object": "pear", "grasp_pose": {"position": {"y": 0.00447237346544407, "x": 0.5292268802834432, "z": 0.07226645680406452}, "orientation": {"y": -0.4676555963610422, "x": 0.8836752770320142, "z": 0.0033533754259352866, "w": -0.020124682055716086}}, "stability_score": 0.0}