{"GRASPA_board_pose": {"position": {"y": -0.2467096816945317, "x": 0.396757604376831, "z": 0.0040812339722343105}, "orientation": {"y": 0.0014523349964563924, "x": 0.01120695775510514, "z": -0.7018183625294833, "w": 0.7122662991026376}}, "grasped_score": "0", "object": "medium_clamp", "grasp_pose": {"position": {"y": 0.11742401358589355, "x": 0.6168180359965327, "z": 0.03197529638266794}, "orientation": {"y": 0.9959621725993036, "x": 0.0874031518752534, "z": 0.01728722183255028, "w": 0.01100871267945167}}, "stability_score": 0.0}