{"GRASPA_board_pose": {"position": {"y": -0.24632754996426734, "x": 0.39706730189876455, "z": 0.005232749967219841}, "orientation": {"y": -0.0015928427487599062, "x": 0.008585234435216112, "z": -0.7019939081632777, "w": 0.7121294190688359}}, "grasped_score": "0", "object": "medium_clamp", "grasp_pose": {"position": {"y": 0.1121311068684371, "x": 0.616062491477026, "z": 0.028955212043597744}, "orientation": {"y": -0.5561605353854501, "x": 0.8308321076078313, "z": 0.001571687895418679, "w": -0.02002492558932389}}, "stability_score": 0.0}