{"GRASPA_board_pose": {"position": {"y": -0.247711476539885, "x": 0.39863050281533075, "z": 0.0046896625517208745}, "orientation": {"y": 0.0004303576536235604, "x": 0.010626946105632563, "z": -0.6972010085278937, "w": 0.7167967888575159}}, "grasped_score": "1", "object": "potted_meat_can", "grasp_pose": {"position": {"y": 0.12031654959134847, "x": 0.4483080131450376, "z": 0.0789805840162261}, "orientation": {"y": 0.9946990063331553, "x": -0.10075989559171816, "z": 0.014575029191058282, "w": 0.014453330559409469}}, "stability_score": 1.0}