{"GRASPA_board_pose": {"position": {"y": -0.24666822330238497, "x": 0.3970187940157004, "z": 0.004081473019680315}, "orientation": {"y": -0.001328079725172781, "x": 0.010737439709669448, "z": -0.701704949283163, "w": 0.7123855050071125}}, "grasped_score": "1", "object": "medium_clamp", "grasp_pose": {"position": {"y": 0.09983604833437822, "x": 0.6332043428652553, "z": 0.03342723770626588}, "orientation": {"y": -0.6790107536533617, "x": 0.7338418325053421, "z": -0.002016766104882545, "w": -0.02040818323058932}}, "stability_score": 1.0}