{"GRASPA_board_pose": {"position": {"y": -0.24319223634253254, "x": 0.3948900123751793, "z": 0.004092092217134413}, "orientation": {"y": -0.0011283222256889493, "x": 0.010813955485742507, "z": -0.6988498235633861, "w": 0.7151857866045239}}, "grasped_score": "0", "object": "tomato_soup_can", "grasp_pose": {"position": {"y": 0.30892555801831223, "x": 0.382448426190523, "z": 0.0414067923297301}, "orientation": {"y": 0.7591739962720013, "x": 0.6505760780769253, "z": 0.020125544027195533, "w": -0.0007566346907706109}}, "stability_score": 0.0}