{"GRASPA_board_pose": {"position": {"y": -0.2427839085510853, "x": 0.3946874335942586, "z": 0.006035301031869}, "orientation": {"y": 0.0001337849197520797, "x": 0.008235207955838094, "z": -0.699035920816312, "w": 0.7150391212094691}}, "grasped_score": "0", "object": "tomato_soup_can", "grasp_pose": {"position": {"y": 0.28787241944279846, "x": 0.3992975947069703, "z": 0.07402848988692678}, "orientation": {"y": 0.747736264761883, "x": -0.6636819849210682, "z": 0.0039492020568841334, "w": 0.020027607303206633}}, "stability_score": 0.0}