{"GRASPA_board_pose": {"position": {"y": -0.24743121418673883, "x": 0.3984479622238406, "z": 0.006242326865245007}, "orientation": {"y": -0.004293964593429777, "x": 0.008511703096153638, "z": -0.6973975085289646, "w": 0.7166211187762093}}, "grasped_score": "1", "object": "potted_meat_can", "grasp_pose": {"position": {"y": 0.12537372916300968, "x": 0.44265313479366797, "z": 0.08160586571897022}, "orientation": {"y": 0.2623657025613311, "x": 0.9647514688106588, "z": 0.016254501310965248, "w": -0.012435141105260911}}, "stability_score": 1.0}