{"GRASPA_board_pose": {"position": {"y": -0.24748941699185642, "x": 0.3984983422152711, "z": 0.006671524721364119}, "orientation": {"y": -0.0011588262257913556, "x": 0.007682704337576169, "z": -0.6975229297534723, "w": 0.7165203386115234}}, "grasped_score": "0", "object": "potted_meat_can", "grasp_pose": {"position": {"y": 0.10628489698388277, "x": 0.45204918639175173, "z": 0.0578187002812518}, "orientation": {"y": -0.25849946966141135, "x": 0.9658078981744186, "z": 0.0067542920168159265, "w": -0.018641554335210093}}, "stability_score": 0.0}