{"GRASPA_board_pose": {"position": {"y": -0.24912734873026265, "x": 0.3738488092141047, "z": 0.0030649936853985316}, "orientation": {"y": 0.002343159622390955, "x": 0.010599699133479744, "z": -0.6973432604576889, "w": 0.7166551005019806}}, "grasped_score": "1", "object": "mustard_bottle", "grasp_pose": {"position": {"y": -0.1864501857917247, "x": 0.6512114524526225, "z": 0.16610030699761447}, "orientation": {"y": 0.08454490367174114, "x": 0.9962085258169185, "z": 0.013806714446930856, "w": -0.015169277800836337}}, "stability_score": 1.0}