{"GRASPA_board_pose": {"position": {"y": -0.24727437739091562, "x": 0.3963601169846091, "z": 0.008550268115814386}, "orientation": {"y": -0.01034430135868827, "x": -0.0003242930234706732, "z": -0.7025010163600016, "w": 0.7116074846968662}}, "grasped_score": "1", "object": "power_drill", "grasp_pose": {"position": {"y": 0.17601591038229433, "x": 0.6742916222463103, "z": 0.16635210471619744}, "orientation": {"y": -0.5914391176462965, "x": 0.806091098763955, "z": 0.00031779372714531106, "w": -0.020415915811856318}}, "stability_score": 1.0}