{"GRASPA_board_pose": {"position": {"y": -0.2454397897927832, "x": 0.3996284635822209, "z": 0.005085251589133866}, "orientation": {"y": -0.0023309698075014884, "x": 0.010208411952954554, "z": -0.7006909747011972, "w": 0.7133880520988848}}, "grasped_score": "1", "object": "medium_clamp", "grasp_pose": {"position": {"y": 0.08544456207428042, "x": 0.6376037827044216, "z": 0.030934325949687813}, "orientation": {"y": 0.6528823610527706, "x": 0.7571838667911381, "z": 0.02002947381530822, "w": -0.004004332161785038}}, "stability_score": 1.0}