{"GRASPA_board_pose": {"position": {"y": -0.24875810696148978, "x": 0.37384520346192246, "z": 0.004830901746545546}, "orientation": {"y": 0.003998649973330745, "x": 0.008075022362078606, "z": -0.697572133872435, "w": 0.7164579002683275}}, "grasped_score": "0", "object": "tennis_ball", "grasp_pose": {"position": {"y": -0.11740152593348417, "x": 0.41689184774420995, "z": 0.06573147065124241}, "orientation": {"y": 0.8425015272480628, "x": 0.5383026619950305, "z": 0.020455547874018216, "w": 0.001729518695920712}}, "stability_score": 0.0}