{"GRASPA_board_pose": {"position": {"y": -0.2532540886716745, "x": 0.4122701403777495, "z": 0.006554221179574993}, "orientation": {"y": -0.0014330342541821817, "x": 0.008353686545780328, "z": -0.6906289029918886, "w": 0.7231596508974638}}, "grasped_score": "1", "object": "mustard_bottle", "grasp_pose": {"position": {"y": -0.19279060854196833, "x": 0.7018345903437746, "z": 0.16320863663705842}, "orientation": {"y": 0.8886557158637687, "x": 0.45812612610671555, "z": 0.01979234556623678, "w": 0.004442330254861797}}, "stability_score": 1.0}