{"GRASPA_board_pose": {"position": {"y": -0.24965906630210963, "x": 0.3740549339466026, "z": 0.00468166512998186}, "orientation": {"y": 0.0007862237271818696, "x": 0.008246741534139243, "z": -0.6974034149007706, "w": 0.7166309022021471}}, "grasped_score": "0", "object": "tennis_ball", "grasp_pose": {"position": {"y": -0.12560769957330098, "x": 0.4156552075125681, "z": 0.07664433993549158}, "orientation": {"y": -0.05951656136544494, "x": 0.9980208447425505, "z": 0.011272294061804198, "w": -0.01688513456220679}}, "stability_score": 0.0}