{"GRASPA_board_pose": {"position": {"y": -0.24806306857933716, "x": 0.3959509245941785, "z": 0.005582968381391384}, "orientation": {"y": 0.000429097847867669, "x": 0.009281540167853812, "z": -0.701605061586381, "w": 0.7125054430974684}}, "grasped_score": "1", "object": "power_drill", "grasp_pose": {"position": {"y": 0.23870051604455889, "x": 0.6716969489171548, "z": 0.16192674953986708}, "orientation": {"y": -0.5900435540814545, "x": 0.8071215885502487, "z": 0.0007422542394740617, "w": -0.02006974443515785}}, "stability_score": 1.0}