{"GRASPA_board_pose": {"position": {"y": -0.24958052390484634, "x": 0.37387741173087186, "z": 0.004013356611427654}, "orientation": {"y": 0.0017219945025131649, "x": 0.010010080347926874, "z": -0.697514960620418, "w": 0.7164982294025983}}, "grasped_score": "0", "object": "tennis_ball", "grasp_pose": {"position": {"y": -0.12896781442822686, "x": 0.4063738889102567, "z": 0.06711788300920973}, "orientation": {"y": 0.9614205049078637, "x": 0.27432340929411747, "z": 0.019026236534352717, "w": 0.007435198672494905}}, "stability_score": 0.0}