{"GRASPA_board_pose": {"position": {"y": -0.24928986258125885, "x": 0.3989078276371838, "z": 0.004237032246149408}, "orientation": {"y": 0.0003758515294118865, "x": 0.00876855681573448, "z": -0.6996281552803669, "w": 0.7144532283403778}}, "grasped_score": "1", "object": "power_drill", "grasp_pose": {"position": {"y": 0.19150120711876842, "x": 0.6677477971092916, "z": 0.1808288003954156}, "orientation": {"y": -0.5928097846385805, "x": 0.8050832368635201, "z": 0.00036412495318005, "w": -0.02043057442011442}}, "stability_score": 1.0}