{"GRASPA_board_pose": {"position": {"y": -0.24324895057604337, "x": 0.3952930624130185, "z": 0.004149715180600255}, "orientation": {"y": 0.0003338792686657783, "x": 0.010585526472823467, "z": -0.6987811413809658, "w": 0.7152571227217818}}, "grasped_score": "0", "object": "tomato_soup_can", "grasp_pose": {"position": {"y": 0.2128610748476683, "x": 0.4121742180753149, "z": 0.054989722980197}, "orientation": {"y": -0.6765943031956945, "x": 0.7360714510545645, "z": -0.0019011617249500472, "w": -0.020380221040420005}}, "stability_score": 0.0}