{"GRASPA_board_pose": {"position": {"y": -0.2480097322720558, "x": 0.3984708984873074, "z": 0.006185925452560581}, "orientation": {"y": 0.00048224503793732094, "x": 0.009285366421434014, "z": -0.6972309109554429, "w": 0.7167863044299789}}, "grasped_score": "1", "object": "potted_meat_can", "grasp_pose": {"position": {"y": 0.12009755505053443, "x": 0.44785874735119935, "z": 0.07410731336295173}, "orientation": {"y": 0.9840709306418252, "x": -0.17661174056858073, "z": 0.013051776675827607, "w": 0.015567520183780397}}, "stability_score": 1.0}