{"GRASPA_board_pose": {"position": {"y": -0.24756742035513044, "x": 0.3754408109382633, "z": 0.004308466453432802}, "orientation": {"y": 0.002005580735551658, "x": 0.009316585855243528, "z": -0.6968053138137864, "w": 0.7171969977034105}}, "grasped_score": "1", "object": "mustard_bottle", "grasp_pose": {"position": {"y": -0.19428470051360716, "x": 0.663754676962361, "z": 0.1487736870798546}, "orientation": {"y": 0.9662919569321973, "x": -0.2566370025147787, "z": 0.012512317746934997, "w": 0.016147594649785754}}, "stability_score": 1.0}