{"GRASPA_board_pose": {"position": {"y": -0.2496105429281018, "x": 0.37414484846296514, "z": 0.005082168495488426}, "orientation": {"y": 0.0007760240438385409, "x": 0.007628086432901135, "z": -0.6973514361990011, "w": 0.7166883454579446}}, "grasped_score": "0", "object": "tennis_ball", "grasp_pose": {"position": {"y": -0.12751427506186355, "x": 0.4207950920144489, "z": 0.059875281290725724}, "orientation": {"y": 0.9739818519827267, "x": 0.22570004384874293, "z": 0.01863180168590788, "w": 0.00846747783643702}}, "stability_score": 0.0}