{"GRASPA_board_pose": {"position": {"y": -0.24837972826340607, "x": 0.4093845973784978, "z": 0.005759483289555889}, "orientation": {"y": -0.0038319905122384864, "x": 0.009795409486898407, "z": -0.702777789711464, "w": 0.7113316695395809}}, "grasped_score": "1", "object": "strawberry", "grasp_pose": {"position": {"y": -0.09087032459178032, "x": 0.6148592912593226, "z": 0.04178562617720194}, "orientation": {"y": -0.4183770610236695, "x": 0.9080430842129891, "z": 0.004497569258456598, "w": -0.01995404452546792}}, "stability_score": 1.0}