{"GRASPA_board_pose": {"position": {"y": -0.24546108165892674, "x": 0.3968609291664898, "z": 0.004318139818092981}, "orientation": {"y": -0.0004035838508592594, "x": 0.009961281288539377, "z": -0.703415486852229, "w": 0.7107089860495696}}, "grasped_score": "1", "object": "scissors", "grasp_pose": {"position": {"y": 0.11711357609859785, "x": 0.5425351294398079, "z": 0.024584804639137037}, "orientation": {"y": 0.9429836756699332, "x": 0.33220592678593097, "z": 0.019520717623524798, "w": 0.006320697096512407}}, "stability_score": 1.0}