{"GRASPA_board_pose": {"position": {"y": -0.24539044731934337, "x": 0.3968681337126807, "z": 0.004597905126334623}, "orientation": {"y": 0.00017047883496123237, "x": 0.009552122407206189, "z": -0.7034458371144339, "w": 0.7106846573135361}}, "grasped_score": "1", "object": "scissors", "grasp_pose": {"position": {"y": 0.10436702547071607, "x": 0.5382353175035879, "z": 0.026069980530707304}, "orientation": {"y": 0.8316159157808597, "x": 0.5549741281286704, "z": 0.020420172784152337, "w": 0.0013047111746579397}}, "stability_score": 1.0}