{"GRASPA_board_pose": {"position": {"y": -0.2448607654872926, "x": 0.39657402170591977, "z": 0.004378411253848913}, "orientation": {"y": 0.0018535477664372339, "x": 0.009505305764185906, "z": -0.6982950871836681, "w": 0.7157444968270174}}, "grasped_score": "0", "object": "tomato_soup_can", "grasp_pose": {"position": {"y": 0.2741571569218993, "x": 0.40218032057798453, "z": 0.08853385281133697}, "orientation": {"y": -0.6892863557672407, "x": 0.7242034473620007, "z": -0.0015789471581965737, "w": -0.020277906893521505}}, "stability_score": 0.0}