{"GRASPA_board_pose": {"position": {"y": -0.24631372609329066, "x": 0.39712830132214616, "z": 0.005442298543432977}, "orientation": {"y": -0.0028215703662345945, "x": 0.010179768558216108, "z": -0.7043046600805417, "w": 0.70981924237203}}, "grasped_score": "1", "object": "scissors", "grasp_pose": {"position": {"y": 0.1285321412767598, "x": 0.5396298608137673, "z": 0.029005604640386373}, "orientation": {"y": 0.9616035572087493, "x": 0.2736764405327124, "z": 0.019071270166776264, "w": 0.007489413531787118}}, "stability_score": 1.0}