{"GRASPA_board_pose": {"position": {"y": -0.24942548837547618, "x": 0.37393115666598997, "z": 0.006444684672419654}, "orientation": {"y": 0.0015853870082270871, "x": 0.006710708584282053, "z": -0.6975450328113345, "w": 0.7165077669771384}}, "grasped_score": "0", "object": "tennis_ball", "grasp_pose": {"position": {"y": -0.12257197005218654, "x": 0.4154787717346172, "z": 0.06307078413578815}, "orientation": {"y": 0.6756352837197296, "x": 0.7369531731700592, "z": 0.020098535301014814, "w": -0.003610100593580113}}, "stability_score": 0.0}