{"GRASPA_board_pose": {"position": {"y": -0.2457910162122608, "x": 0.39687984754138184, "z": 0.0046352663679323225}, "orientation": {"y": 0.0009745781165205508, "x": 0.010008154125808473, "z": -0.7032145325788862, "w": 0.7109066100539138}}, "grasped_score": "1", "object": "scissors", "grasp_pose": {"position": {"y": 0.13028980455201955, "x": 0.538304419010072, "z": 0.02569234682537136}, "orientation": {"y": -0.37821659839870075, "x": 0.9254891823111239, "z": 0.005346687564477271, "w": -0.019834088153756736}}, "stability_score": 1.0}