{"GRASPA_board_pose": {"position": {"y": -0.243057766052554, "x": 0.3952776530755139, "z": 0.004237626515340487}, "orientation": {"y": -0.000836091002348959, "x": 0.010282532587495893, "z": -0.6988502269987821, "w": 0.7151936316125682}}, "grasped_score": "0", "object": "tomato_soup_can", "grasp_pose": {"position": {"y": 0.27308318756866196, "x": 0.41008096005704275, "z": 0.09045379515286611}, "orientation": {"y": 0.7467243588876968, "x": -0.6648168936915622, "z": 0.0038510394630411537, "w": 0.020159345255107264}}, "stability_score": 0.0}