{"GRASPA_board_pose": {"position": {"y": -0.2480357060611586, "x": 0.408889058217587, "z": 0.004624264400896805}, "orientation": {"y": -0.0015364782537277356, "x": 0.011427223689245968, "z": -0.7034636632168089, "w": 0.7106376941359922}}, "grasped_score": "0", "object": "pear", "grasp_pose": {"position": {"y": -0.000824520311002587, "x": 0.45974218255359584, "z": 0.03404203379711923}, "orientation": {"y": -0.14486409249578838, "x": 0.9892381873106786, "z": 0.010063282762835739, "w": -0.017914625636321752}}, "stability_score": 0.0}