{"GRASPA_board_pose": {"position": {"y": -0.24925658467578493, "x": 0.399058033690537, "z": 0.0036108549743473217}, "orientation": {"y": 0.0021090381690307726, "x": 0.009081611410534887, "z": -0.6996368101640156, "w": 0.7144378280548357}}, "grasped_score": "1", "object": "power_drill", "grasp_pose": {"position": {"y": 0.1915862306751011, "x": 0.6691516446203842, "z": 0.17159893129919823}, "orientation": {"y": -0.5957374640447055, "x": 0.8029213039622296, "z": 0.0010472550599410295, "w": -0.020326259715337025}}, "stability_score": 1.0}