{"GRASPA_board_pose": {"position": {"y": -0.24788058021338938, "x": 0.3984232561288238, "z": 0.004899148125124209}, "orientation": {"y": -0.0009037139522792743, "x": 0.010335640253057119, "z": -0.6972677747377458, "w": 0.7167356612824034}}, "grasped_score": "1", "object": "potted_meat_can", "grasp_pose": {"position": {"y": 0.12298405269489263, "x": 0.4484813047985974, "z": 0.08264660840267968}, "orientation": {"y": 0.9847157349173211, "x": -0.1729713929825887, "z": 0.013808372576880482, "w": 0.015004914617594569}}, "stability_score": 1.0}