{"GRASPA_board_pose": {"position": {"y": -0.2484223237765349, "x": 0.37331093744181865, "z": 0.005409413564103849}, "orientation": {"y": 0.002253614967732174, "x": 0.008207665743092877, "z": -0.6979871656335295, "w": 0.7160596847005833}}, "grasped_score": "1", "object": "mustard_bottle", "grasp_pose": {"position": {"y": -0.18687851278275125, "x": 0.6455216655547142, "z": 0.15040129059352014}, "orientation": {"y": 0.12279896679399568, "x": 0.9922183697153422, "z": 0.014381610802279782, "w": -0.01470679518071768}}, "stability_score": 1.0}