{"GRASPA_board_pose": {"position": {"y": -0.2480459524184245, "x": 0.4090780319836614, "z": 0.004590289549867066}, "orientation": {"y": -0.00021734591190273692, "x": 0.01099365435400315, "z": -0.7034343921581111, "w": 0.7106751355252608}}, "grasped_score": "0", "object": "pear", "grasp_pose": {"position": {"y": -0.004533200837502097, "x": 0.4617905819446538, "z": 0.04097706689619318}, "orientation": {"y": -0.042763907141353766, "x": 0.9988830283606498, "z": 0.011663287783668999, "w": -0.0163680058998757}}, "stability_score": 0.0}