{"GRASPA_board_pose": {"position": {"y": -0.2483458962912124, "x": 0.4095111635775727, "z": 0.0054965493059980775}, "orientation": {"y": -0.004688265518772844, "x": 0.009566749593495304, "z": -0.7028556481156811, "w": 0.7112527225821541}}, "grasped_score": "1", "object": "strawberry", "grasp_pose": {"position": {"y": -0.08487677401745256, "x": 0.6144870171031981, "z": 0.04260207758863044}, "orientation": {"y": 0.7975626047686771, "x": 0.6028896448665414, "z": 0.0204440752578716, "w": 8.58728642199377e-05}}, "stability_score": 1.0}