{"GRASPA_board_pose": {"position": {"y": -0.24787913967302305, "x": 0.40907902065978463, "z": 0.004638880395270051}, "orientation": {"y": -0.004288590906738457, "x": 0.011703247384129223, "z": -0.7035100855602927, "w": 0.7105759646256339}}, "grasped_score": "0", "object": "pear", "grasp_pose": {"position": {"y": -0.007228579775668771, "x": 0.5013084676092927, "z": 0.06455860919157264}, "orientation": {"y": 0.988371975916039, "x": 0.15067299373023693, "z": 0.01791583168102629, "w": 0.009874672620921059}}, "stability_score": 0.0}