{"GRASPA_board_pose": {"position": {"y": -0.24631565491241764, "x": 0.3973112902192149, "z": 0.0037773003347167933}, "orientation": {"y": -0.004364797263010409, "x": 0.011135818628028179, "z": -0.704438274379127, "w": 0.7096644697870217}}, "grasped_score": "1", "object": "scissors", "grasp_pose": {"position": {"y": 0.0963889981348307, "x": 0.552086979660674, "z": 0.02708352855375118}, "orientation": {"y": 0.8481894452346139, "x": 0.5292945508166523, "z": 0.020452617300054057, "w": 0.001906282763376398}}, "stability_score": 1.0}