{"GRASPA_board_pose": {"position": {"y": -0.24940633994932584, "x": 0.37305844404103433, "z": 0.002228250756943273}, "orientation": {"y": 0.013392963532824882, "x": 0.011932216814232168, "z": -0.6975192936545905, "w": 0.7163414588792886}}, "grasped_score": "0", "object": "mustard_bottle", "grasp_pose": {"position": {"y": -0.17056733361405368, "x": 0.6588897431913256, "z": 0.18674966297337336}, "orientation": {"y": -0.6704693413543243, "x": 0.7416548741734172, "z": -0.0016658091546209934, "w": -0.02039938721068158}}, "stability_score": 0.0}