{"GRASPA_board_pose": {"position": {"y": -0.24836131669879602, "x": 0.409376051519066, "z": 0.0057135645039592675}, "orientation": {"y": -0.0038004572165396197, "x": 0.009796943412398383, "z": -0.7027929300721965, "w": 0.7113168589772467}}, "grasped_score": "1", "object": "strawberry", "grasp_pose": {"position": {"y": -0.09394351216711745, "x": 0.6153978793476861, "z": 0.03705530386885625}, "orientation": {"y": -0.5340805842380226, "x": 0.845186942094873, "z": 0.0018395390547519615, "w": -0.02033663070315364}}, "stability_score": 1.0}