{"GRASPA_board_pose": {"position": {"y": -0.2479863477069226, "x": 0.4090345983848761, "z": 0.0044392979881329175}, "orientation": {"y": -0.0027394460583015927, "x": 0.01185589393213494, "z": -0.7034087213966407, "w": 0.7106814362831682}}, "grasped_score": "0", "object": "pear", "grasp_pose": {"position": {"y": -0.010706689066565613, "x": 0.47567196567354997, "z": 0.036927686010426286}, "orientation": {"y": 0.999256591609743, "x": -0.032705740754703776, "z": 0.015817171394455955, "w": 0.012900222294363942}}, "stability_score": 0.0}