{"GRASPA_board_pose": {"position": {"y": -0.24873855736301134, "x": 0.39367285868965923, "z": 0.007475995480239805}, "orientation": {"y": -0.011331981880357346, "x": -0.00028166211000000337, "z": -0.7028907706578081, "w": 0.7112074742135318}}, "grasped_score": "1", "object": "power_drill", "grasp_pose": {"position": {"y": 0.14858399559635527, "x": 0.6716867365796654, "z": 0.19323387275973392}, "orientation": {"y": 0.5107866790254458, "x": 0.8594618194775132, "z": 0.01908556392611989, "w": -0.007621721602151227}}, "stability_score": 0.25}