{"GRASPA_board_pose": {"position": {"y": -0.2729343297725589, "x": 0.40008129617983457, "z": 0.07912310198422967}, "orientation": {"y": -0.015988597635541203, "x": 0.009931114761786972, "z": -0.7041507109254984, "w": 0.7098010383257778}}, "grasped_score": "1", "object": "mustard_bottle", "grasp_pose": {"position": {"y": -0.18417747016537492, "x": 0.5640108572346862, "z": 0.2231281924807761}, "orientation": {"y": 0.2591093461041423, "x": 0.8896224440347992, "z": 0.34298274402992696, "w": -0.15426305821140768}}, "stability_score": 1.0}