{"GRASPA_board_pose": {"position": {"y": -0.2729675455329433, "x": 0.4001645195949852, "z": 0.07958642559618823}, "orientation": {"y": -0.01565393402183907, "x": 0.009273736660447994, "z": -0.7041584051593033, "w": 0.7098097580348546}}, "grasped_score": "1", "object": "mustard_bottle", "grasp_pose": {"position": {"y": -0.1873727627570166, "x": 0.5603808000941503, "z": 0.2244140237835785}, "orientation": {"y": 0.8994676516849116, "x": -0.1669135304769125, "z": 0.17366352528182308, "w": 0.3646077301742971}}, "stability_score": 1.0}