{"GRASPA_board_pose": {"position": {"y": -0.2727535181021893, "x": 0.3999485808283888, "z": 0.08034223256015616}, "orientation": {"y": -0.015753943633501497, "x": 0.008414224424475454, "z": -0.7043298239330961, "w": 0.7096481615601501}}, "grasped_score": "0", "object": "foam_brick", "grasp_pose": {"position": {"y": 0.11421964898256028, "x": 0.5446106278781284, "z": 0.10957217315274526}, "orientation": {"y": 0.9629790826222353, "x": 0.1901837676161469, "z": 0.05773584287813484, "w": 0.18212082092533238}}, "stability_score": 0.0}