{"GRASPA_board_pose": {"position": {"y": -0.27302626223780074, "x": 0.4000822794551276, "z": 0.08030837556556131}, "orientation": {"y": -0.0165052952654587, "x": 0.00878671915709909, "z": -0.704188526539242, "w": 0.7097667841517702}}, "grasped_score": "1", "object": "mustard_bottle", "grasp_pose": {"position": {"y": -0.18067702954088966, "x": 0.5704996024528403, "z": 0.22429976437222127}, "orientation": {"y": 0.2529120940060044, "x": 0.8745737953463978, "z": 0.4069098801211682, "w": -0.07470273528239368}}, "stability_score": 1.0}