{"GRASPA_board_pose": {"position": {"y": -0.2727415104122158, "x": 0.3996695440265998, "z": 0.08022724226058425}, "orientation": {"y": -0.015834145448735397, "x": 0.00886369274464184, "z": -0.7042104311756712, "w": 0.7097593841663612}}, "grasped_score": "1", "object": "potted_meat_can", "grasp_pose": {"position": {"y": -0.04826200229046395, "x": 0.602927969123993, "z": 0.1280163950047899}, "orientation": {"y": 0.6163281357653698, "x": 0.4860778412534072, "z": -0.34736270209334613, "w": 0.5130371472913251}}, "stability_score": 1.0}