{"GRASPA_board_pose": {"position": {"y": -0.2724659230748328, "x": 0.39994407311847696, "z": 0.08035459570187287}, "orientation": {"y": -0.015584639768392123, "x": 0.00854172021988102, "z": -0.7038930099692441, "w": 0.710083648970607}}, "grasped_score": "1", "object": "gelatin_box", "grasp_pose": {"position": {"y": 0.1535810402027334, "x": 0.6441673177380545, "z": 0.15085107213133175}, "orientation": {"y": 0.8705187002156114, "x": 0.45489393319388444, "z": 0.02852568532716979, "w": 0.18562054680162832}}, "stability_score": 1.0}