{"GRASPA_board_pose": {"position": {"y": -0.27329480779490245, "x": 0.40003205324657354, "z": 0.07996089656194072}, "orientation": {"y": -0.016028569090587638, "x": 0.008933073214070273, "z": -0.7041140421071485, "w": 0.7098497734615354}}, "grasped_score": "1", "object": "potted_meat_can", "grasp_pose": {"position": {"y": -0.037659667793228095, "x": 0.6024232486090448, "z": 0.14076065390278614}, "orientation": {"y": 0.9139312632984767, "x": 0.34037999285313586, "z": -0.026267000503709562, "w": 0.2195020526452719}}, "stability_score": 1.0}