{"GRASPA_board_pose": {"position": {"y": -0.27276005468653663, "x": 0.399937059023315, "z": 0.08040852274282151}, "orientation": {"y": -0.015561086468349477, "x": 0.008234552978116984, "z": -0.7043670532683611, "w": 0.7096175723551528}}, "grasped_score": "1", "object": "foam_brick", "grasp_pose": {"position": {"y": 0.11624139168613604, "x": 0.5350239600337434, "z": 0.10271607788591208}, "orientation": {"y": 0.9533619292622675, "x": 0.2078720932556808, "z": 0.0030825787811433595, "w": 0.2188166410191131}}, "stability_score": 1.0}