{"GRASPA_board_pose": {"position": {"y": -0.2725670670561486, "x": 0.3997780935959842, "z": 0.08001751956233849}, "orientation": {"y": -0.016557573422919743, "x": 0.00918100720853347, "z": -0.7042287944933281, "w": 0.7097206217064961}}, "grasped_score": "1", "object": "banana", "grasp_pose": {"position": {"y": -0.04263474315966181, "x": 0.5041038344252712, "z": 0.08151937732162717}, "orientation": {"y": 0.7825267963232814, "x": 0.6209268867364958, "z": 0.014999015413652615, "w": 0.04332024815678826}}, "stability_score": 1.0}