{"GRASPA_board_pose": {"position": {"y": -0.2730009481482586, "x": 0.40010363901250784, "z": 0.08055646736009359}, "orientation": {"y": -0.01567454324237148, "x": 0.008205260101283241, "z": -0.7040716828709774, "w": 0.7099084784534152}}, "grasped_score": "1", "object": "foam_brick", "grasp_pose": {"position": {"y": 0.1120260285403399, "x": 0.5403671483831998, "z": 0.11294749219478184}, "orientation": {"y": 0.8872974902495527, "x": 0.21390670936327902, "z": 0.11271288363352065, "w": -0.3927376851656007}}, "stability_score": 1.0}