{"GRASPA_board_pose": {"position": {"y": -0.28261045824646713, "x": 0.4754058665638188, "z": 0.07620365038639432}, "orientation": {"y": -0.012249592318181464, "x": 0.01712228488423566, "z": -0.6893568774735945, "w": 0.7241159232665976}}, "grasped_score": "1", "object": "potted_meat_can", "grasp_pose": {"position": {"y": -0.1771904846763706, "x": 0.5120451864935328, "z": 0.13279946348436245}, "orientation": {"y": 0.9587936532098031, "x": 0.2714735209653242, "z": 0.06400153551086202, "w": 0.054043144167796396}}, "stability_score": 1.0}