{"GRASPA_board_pose": {"position": {"y": -0.2820502846750293, "x": 0.47475356926154544, "z": 0.07575020360315082}, "orientation": {"y": -0.01314789311881383, "x": 0.01780321681391193, "z": -0.6899108263153231, "w": 0.723555961975659}}, "grasped_score": "1", "object": "tennis_ball", "grasp_pose": {"position": {"y": -0.2034734012189767, "x": 0.625088416488535, "z": 0.11015078094731867}, "orientation": {"y": 0.03962446885720872, "x": 0.9890835859164795, "z": 0.1254548942383666, "w": 0.06636739447968946}}, "stability_score": 1.0}