{"GRASPA_board_pose": {"position": {"y": -0.2822308884517971, "x": 0.4747784703885907, "z": 0.07567066574713682}, "orientation": {"y": -0.01293804364916674, "x": 0.017807518373913363, "z": -0.6899087277938426, "w": 0.7235616398274418}}, "grasped_score": "0", "object": "chips_can", "grasp_pose": {"position": {"y": -0.015918128357478835, "x": 0.7345351024268727, "z": 0.2858863114439093}, "orientation": {"y": 0.6278121671193505, "x": -0.6065177853777248, "z": -0.3726102252235847, "w": -0.3148804199950098}}, "stability_score": 0.0}