{"GRASPA_board_pose": {"position": {"y": -0.2826765795763461, "x": 0.47557670168079935, "z": 0.07514441542519101}, "orientation": {"y": -0.013668796008425738, "x": 0.018153719547523355, "z": -0.6894626657217066, "w": 0.7239646669956957}}, "grasped_score": "1", "object": "banana", "grasp_pose": {"position": {"y": 0.2238510810155498, "x": 0.7144549186377174, "z": 0.09077680942754429}, "orientation": {"y": 0.06476188104610904, "x": 0.9976289757496861, "z": 0.02323697892717683, "w": 0.0015389341569816265}}, "stability_score": 1.0}