{"GRASPA_board_pose": {"position": {"y": -0.28275025033680906, "x": 0.4754425184359227, "z": 0.076415067094596}, "orientation": {"y": -0.01141509341169428, "x": 0.016707129691215034, "z": -0.6895417666226569, "w": 0.7239632031690482}}, "grasped_score": "1", "object": "cracker_box", "grasp_pose": {"position": {"y": -0.059819442021048844, "x": 0.6176909163935449, "z": 0.22996614450397967}, "orientation": {"y": 0.8880720246456012, "x": 0.45023588982964974, "z": 0.08966062804813527, "w": 0.024014460834678505}}, "stability_score": 1.0}