{"GRASPA_board_pose": {"position": {"y": -0.28250624327718865, "x": 0.47501400439213415, "z": 0.07707586616205325}, "orientation": {"y": -0.011739540254723712, "x": 0.01626997743803759, "z": -0.6895884867104292, "w": 0.7239234697294968}}, "grasped_score": "1", "object": "tennis_ball", "grasp_pose": {"position": {"y": -0.20138947672075305, "x": 0.6196776570480197, "z": 0.10605289702277765}, "orientation": {"y": 0.9937975040313798, "x": -0.04740297671090795, "z": 0.004523636522993078, "w": -0.10049385798422164}}, "stability_score": 1.0}