{"GRASPA_board_pose": {"position": {"y": -0.2827790894062766, "x": 0.47552773771085616, "z": 0.07579789478370735}, "orientation": {"y": -0.01366100601297988, "x": 0.017681261435824436, "z": -0.689459809060607, "w": 0.7239792273255238}}, "grasped_score": "1", "object": "banana", "grasp_pose": {"position": {"y": 0.22876299752853607, "x": 0.7492731106104504, "z": 0.09167287918352596}, "orientation": {"y": 0.9984495229609933, "x": -0.03773046539329324, "z": 0.03740324198330988, "w": -0.01661203086044429}}, "stability_score": 1.0}