{"GRASPA_board_pose": {"position": {"y": -0.282407937321351, "x": 0.4749554319755197, "z": 0.07510119857033332}, "orientation": {"y": -0.013451315065300815, "x": 0.019048975520066288, "z": -0.6896649988806234, "w": 0.7237529882312335}}, "grasped_score": "0", "object": "tennis_ball", "grasp_pose": {"position": {"y": -0.19846003838430054, "x": 0.6392722123050615, "z": 0.11301925758837839}, "orientation": {"y": 0.9898293083447757, "x": 0.13867899152081117, "z": 0.030177740706422013, "w": -0.009766351331474325}}, "stability_score": 0.0}