{"GRASPA_board_pose": {"position": {"y": -0.28232588559937516, "x": 0.4748016060623549, "z": 0.0744377741754324}, "orientation": {"y": -0.0136858126627037, "x": 0.020034156395334977, "z": -0.6897439971391494, "w": 0.7236467021411743}}, "grasped_score": "0", "object": "chips_can", "grasp_pose": {"position": {"y": -0.015453214163613213, "x": 0.7351939147880162, "z": 0.303384525479061}, "orientation": {"y": 0.4684332533196696, "x": 0.5820437820059052, "z": 0.5046668955265331, "w": -0.43255825916542623}}, "stability_score": 0.0}