{"GRASPA_board_pose": {"position": {"y": -0.2762883623891433, "x": 0.47076543406676785, "z": 0.07592725225766533}, "orientation": {"y": -0.01303612477859827, "x": 0.01811740733339154, "z": -0.6994030772319373, "w": 0.7143788592622051}}, "grasped_score": "1", "object": "banana", "grasp_pose": {"position": {"y": 0.23260833442213819, "x": 0.754452532639424, "z": 0.09158206162282079}, "orientation": {"y": 0.05899085955668743, "x": 0.9946505892248382, "z": -0.00888296184690733, "w": -0.08432897978911054}}, "stability_score": 1.0}