{"GRASPA_board_pose": {"position": {"y": -0.28240842217205775, "x": 0.4752798120481781, "z": 0.07578314911219475}, "orientation": {"y": -0.012271757993380773, "x": 0.017600572463731753, "z": -0.6896115723202463, "w": 0.7238615220653039}}, "grasped_score": "1", "object": "tennis_ball", "grasp_pose": {"position": {"y": -0.20257320393573988, "x": 0.6300801102758964, "z": 0.10553756451310492}, "orientation": {"y": 0.08964533737248988, "x": 0.987932600046793, "z": -0.07704447040804616, "w": 0.10008516789065086}}, "stability_score": 1.0}