{"GRASPA_board_pose": {"position": {"y": -0.28241400053064414, "x": 0.4749275037727124, "z": 0.07498034497008088}, "orientation": {"y": -0.013889908590438175, "x": 0.01966509539246553, "z": -0.6896938867971075, "w": 0.7237006957142249}}, "grasped_score": "0", "object": "tennis_ball", "grasp_pose": {"position": {"y": -0.18399074993717304, "x": 0.6345558869850878, "z": 0.1242526486364085}, "orientation": {"y": -0.15390101422814664, "x": 0.9641741468651295, "z": 0.004661578467854044, "w": -0.21601148585812666}}, "stability_score": 0.0}