{"GRASPA_board_pose": {"position": {"y": -0.28045010583171975, "x": 0.4795142264729841, "z": 0.0753670236034415}, "orientation": {"y": -0.013575466938764017, "x": 0.0192774763085243, "z": -0.6901408650167278, "w": 0.7232908626814885}}, "grasped_score": "0", "object": "hammer", "grasp_pose": {"position": {"y": 0.08211805620776672, "x": 0.4915632524244226, "z": 0.07757149120423834}, "orientation": {"y": 0.7380321175571296, "x": -0.673577567693616, "z": 0.016206417371502666, "w": 0.036595160746631154}}, "stability_score": 0.0}