{"GRASPA_board_pose": {"position": {"y": -0.2812069592277748, "x": 0.36487845975916283, "z": 0.0782675998705184}, "orientation": {"y": -0.019999155214597535, "x": 0.00048085874884298184, "z": -0.6920772686959773, "w": 0.721546157026619}}, "grasped_score": "0", "object": "scissors", "grasp_pose": {"position": {"y": 0.10359150115274451, "x": 0.4770179489551605, "z": 0.07664381294775191}, "orientation": {"y": 0.8148625069663262, "x": 0.48413756592534574, "z": 0.1313807395586729, "w": -0.29042901589450676}}, "stability_score": 0.0}