{"GRASPA_board_pose": {"position": {"y": -0.28167740336921604, "x": 0.36343026254551064, "z": 0.07814430982902115}, "orientation": {"y": -0.020692703092235976, "x": 0.0004158016450632347, "z": -0.6962624435377159, "w": 0.7174888492977556}}, "grasped_score": "0", "object": "pear", "grasp_pose": {"position": {"y": -0.06305166431266523, "x": 0.4933709198673779, "z": 0.09873235651936152}, "orientation": {"y": 0.8294289975156119, "x": -0.38391764136161693, "z": -0.06106336748885135, "w": -0.40115588975172894}}, "stability_score": 0.0}