{"GRASPA_board_pose": {"position": {"y": -0.28226385777406127, "x": 0.36900677726026637, "z": 0.08230290498083392}, "orientation": {"y": -0.0133564028064127, "x": -0.004729868887565207, "z": -0.6898782867550729, "w": 0.7237866980735864}}, "grasped_score": "1", "object": "scissors", "grasp_pose": {"position": {"y": 0.055925735439578905, "x": 0.5039777543517778, "z": 0.06984769856264716}, "orientation": {"y": 0.8000371478383272, "x": 0.5884226230591755, "z": 0.08933067102092215, "w": -0.0756267807448248}}, "stability_score": 1.0}