{"GRASPA_board_pose": {"position": {"y": -0.281551301978274, "x": 0.35623635854735464, "z": 0.08266022111059662}, "orientation": {"y": -0.02218394927523349, "x": -0.0008916680845075161, "z": -0.6962328329068542, "w": 0.7174725916054756}}, "grasped_score": "1", "object": "scissors", "grasp_pose": {"position": {"y": 0.08641867031542927, "x": 0.4848135181425267, "z": 0.06222222974361252}, "orientation": {"y": 0.8167004872831695, "x": 0.5767070912728951, "z": 0.020218288433661878, "w": 0.0006824659726239081}}, "stability_score": 1.0}