{"GRASPA_board_pose": {"position": {"y": -0.28208234994667114, "x": 0.3714460221840011, "z": 0.07910448140776899}, "orientation": {"y": -0.016851038407298072, "x": -0.002469687721320657, "z": -0.6888689582677391, "w": 0.7246857950051698}}, "grasped_score": "0", "object": "power_drill", "grasp_pose": {"position": {"y": 0.18687189067270915, "x": 0.6037167043459948, "z": 0.22401848954517484}, "orientation": {"y": 0.6266357138272254, "x": 0.6789381737089345, "z": -0.0006104767937442691, "w": 0.38258367157408096}}, "stability_score": 0.0}