{"GRASPA_board_pose": {"position": {"y": -0.28298183557606926, "x": 0.3709966803603945, "z": 0.07709710282749532}, "orientation": {"y": -0.016812699948136653, "x": -0.0006156208896309341, "z": -0.6917933754240777, "w": 0.7218994942862444}}, "grasped_score": "1", "object": "strawberry", "grasp_pose": {"position": {"y": -0.11122034287871801, "x": 0.5622412958056717, "z": 0.08337576432490318}, "orientation": {"y": 0.5017739238150165, "x": 0.851274163615979, "z": -0.14360409279720068, "w": 0.05415803053186248}}, "stability_score": 1.0}