{"GRASPA_board_pose": {"position": {"y": -0.27719035327113667, "x": 0.3675559459692514, "z": 0.07781832290049473}, "orientation": {"y": -0.01903145046914361, "x": 0.0002674030873593991, "z": -0.6931082055964538, "w": 0.720582228287302}}, "grasped_score": "1", "object": "pear", "grasp_pose": {"position": {"y": -0.05998649507963372, "x": 0.4653634296683482, "z": 0.10939084156074413}, "orientation": {"y": -0.05166604202639712, "x": 0.995773279924601, "z": -0.02647200299106644, "w": 0.07117182130007643}}, "stability_score": 1.0}