{"GRASPA_board_pose": {"position": {"y": -0.27424277564310817, "x": 0.36430518546363927, "z": 0.07635931824412218}, "orientation": {"y": -0.021545019684153555, "x": 0.001818116479904773, "z": -0.6955442213136149, "w": 0.7181578815111008}}, "grasped_score": "1", "object": "medium_clamp", "grasp_pose": {"position": {"y": 0.06585072267416098, "x": 0.5967897564280062, "z": 0.06697030876607774}, "orientation": {"y": 0.6814458159658862, "x": 0.7309199626566069, "z": -0.03373953810577211, "w": 0.015787706010101432}}, "stability_score": 1.0}