{"GRASPA_board_pose": {"position": {"y": -0.2794405001004002, "x": 0.36567874168025116, "z": 0.07759308383399272}, "orientation": {"y": -0.02033773308475457, "x": 0.00026354757643173724, "z": -0.6930194876582763, "w": 0.7206318733455443}}, "grasped_score": "0", "object": "tomato_soup_can", "grasp_pose": {"position": {"y": 0.19024114797670877, "x": 0.336020753716072, "z": 0.12487671516599991}, "orientation": {"y": -0.25745596478633165, "x": 0.7742682471912561, "z": 0.538996815834203, "w": 0.20906348343962267}}, "stability_score": 0.0}