{"GRASPA_board_pose": {"position": {"y": -0.2776990572607661, "x": 0.3660658254084793, "z": 0.07843745077929659}, "orientation": {"y": -0.02182346357755453, "x": 0.0008389557046561451, "z": -0.6955305063784638, "w": 0.7181645683878607}}, "grasped_score": "0", "object": "tomato_soup_can", "grasp_pose": {"position": {"y": 0.1786984321115015, "x": 0.35536144479512993, "z": 0.13762723619820094}, "orientation": {"y": -0.14922256121809466, "x": 0.7857731642180606, "z": 0.5798995566891855, "w": 0.1549505268462641}}, "stability_score": 0.0}