{"GRASPA_board_pose": {"position": {"y": -0.29219832162820814, "x": 0.36588330035355504, "z": 0.07422970957556618}, "orientation": {"y": -0.018797354845274495, "x": 0.0026315467091126182, "z": -0.6885741199213864, "w": 0.724917523437823}}, "grasped_score": "1", "object": "mustard_bottle", "grasp_pose": {"position": {"y": -0.22864011485118946, "x": 0.6322524343089593, "z": 0.1759293693483418}, "orientation": {"y": 0.6111498029956455, "x": -0.3472665226905146, "z": 0.3373769965422838, "w": 0.6261618342896103}}, "stability_score": 1.0}