{"GRASPA_board_pose": {"position": {"y": -0.27469253516143455, "x": 0.3628395633792723, "z": 0.0784462708915809}, "orientation": {"y": -0.020797898162446288, "x": 7.88681498539441e-05, "z": -0.6969766349328232, "w": 0.7167921676257053}}, "grasped_score": "0", "object": "potted_meat_can", "grasp_pose": {"position": {"y": 0.064664249699171, "x": 0.3535836782648992, "z": 0.12450562778471796}, "orientation": {"y": 0.9638611563857646, "x": -0.26486558424869255, "z": 0.0069481642748645475, "w": 0.02774196288125423}}, "stability_score": 0.0}