{"GRASPA_board_pose": {"position": {"y": -0.28277449517083936, "x": 0.374198661648135, "z": 0.07637421045721993}, "orientation": {"y": -0.014552902128557142, "x": -0.0010126403541777201, "z": -0.6878668089534667, "w": 0.7256903201361613}}, "grasped_score": "0", "object": "medium_clamp", "grasp_pose": {"position": {"y": 0.06859869571610533, "x": 0.5899730067368134, "z": 0.0744804571444947}, "orientation": {"y": 0.34740022674796806, "x": 0.9336494201842862, "z": 0.06735680707264156, "w": -0.05545180958260456}}, "stability_score": 0.0}