{"GRASPA_board_pose": {"position": {"y": -0.28265251901781635, "x": 0.37020671436650215, "z": 0.07760690382945484}, "orientation": {"y": -0.01728467124390589, "x": -0.0007642023975011015, "z": -0.6923483548290463, "w": 0.7213559535348679}}, "grasped_score": "0", "object": "strawberry", "grasp_pose": {"position": {"y": -0.10223993101474421, "x": 0.5656750638397822, "z": 0.08303493961537373}, "orientation": {"y": 0.9264471327777052, "x": -0.3731575005866369, "z": 0.0006423424427027054, "w": -0.04948512220950525}}, "stability_score": 0.0}