{"GRASPA_board_pose": {"position": {"y": -0.2756977387444456, "x": 0.3659793168789011, "z": 0.0770094859591452}, "orientation": {"y": -0.018871444782065715, "x": 0.0001244404797393249, "z": -0.693461470152004, "w": 0.7202465150912052}}, "grasped_score": "1", "object": "medium_clamp", "grasp_pose": {"position": {"y": 0.056277391915054265, "x": 0.591997156076085, "z": 0.07499822480111007}, "orientation": {"y": -0.6485396515988586, "x": 0.7375454406895349, "z": 0.1172225284522505, "w": 0.1472478252653418}}, "stability_score": 1.0}