{"GRASPA_board_pose": {"position": {"y": -0.28297316597835465, "x": 0.36861897998358645, "z": 0.08009252949016998}, "orientation": {"y": -0.017646923703669576, "x": -0.0024887342930557587, "z": -0.6894515226308885, "w": 0.7241125535628872}}, "grasped_score": "0", "object": "power_drill", "grasp_pose": {"position": {"y": 0.19156100336578558, "x": 0.6035137938427256, "z": 0.21712992816885382}, "orientation": {"y": -0.6814437215019298, "x": 0.7187800277927322, "z": 0.11691661839347423, "w": -0.07293990961958963}}, "stability_score": 0.0}