{"GRASPA_board_pose": {"position": {"y": -0.2817340647853003, "x": 0.3686780161771258, "z": 0.07842338067139137}, "orientation": {"y": -0.01452406944574141, "x": -0.0011490109015548679, "z": -0.6898727792194018, "w": 0.723784000702407}}, "grasped_score": "1", "object": "scissors", "grasp_pose": {"position": {"y": 0.10940343424944554, "x": 0.48540655497122365, "z": 0.07529349675876396}, "orientation": {"y": -0.5172797202487125, "x": 0.8506008926107657, "z": -0.04295398473681222, "w": -0.08399266458692892}}, "stability_score": 1.0}