{"GRASPA_board_pose": {"position": {"y": -0.2820509964435994, "x": 0.3718294332433494, "z": 0.07660203429184326}, "orientation": {"y": -0.01570212514024064, "x": -0.00020679723414491357, "z": -0.688592293394236, "w": 0.72497865760245}}, "grasped_score": "1", "object": "tennis_ball", "grasp_pose": {"position": {"y": -0.151557253142029, "x": 0.4004248026777273, "z": 0.10094992298035738}, "orientation": {"y": -0.27415221928809796, "x": 0.9389325468920557, "z": -0.07676528937056944, "w": -0.19327007888977812}}, "stability_score": 1.0}