{"GRASPA_board_pose": {"position": {"y": -0.2897122543059881, "x": 0.3579907197288459, "z": 0.07969835774793188}, "orientation": {"y": -0.02142179538980336, "x": -0.0005925931819289266, "z": -0.6941866552683145, "w": 0.7194759503715106}}, "grasped_score": "1", "object": "chips_can", "grasp_pose": {"position": {"y": -0.08559035027801154, "x": 0.6439815999616344, "z": 0.2651987809647559}, "orientation": {"y": 0.6497583769449967, "x": -0.2684946753929306, "z": 0.21701063096959233, "w": 0.6772230407492257}}, "stability_score": 1.0}