{"GRASPA_board_pose": {"position": {"y": -0.2763198917232532, "x": 0.3654372867498393, "z": 0.08381394863287392}, "orientation": {"y": -0.014682067910398042, "x": -0.005304551437190081, "z": -0.69257576483866, "w": 0.7211761980085517}}, "grasped_score": "0", "object": "potted_meat_can", "grasp_pose": {"position": {"y": 0.0887081008528055, "x": 0.39167396474273714, "z": 0.12450255621896994}, "orientation": {"y": 0.2540307545779394, "x": 0.9370608341481127, "z": -0.22588579943206546, "w": 0.07975571734454483}}, "stability_score": 0.0}