{"GRASPA_board_pose": {"position": {"y": -0.2797643525190826, "x": 0.37217818778639017, "z": 0.07852116984593027}, "orientation": {"y": -0.01829932878597506, "x": -0.0007983551745226567, "z": -0.6911732257876688, "w": 0.7224569669878383}}, "grasped_score": "0", "object": "tomato_soup_can", "grasp_pose": {"position": {"y": 0.18041405019444, "x": 0.354051235489819, "z": 0.14169234089505378}, "orientation": {"y": -0.1406221287007023, "x": 0.8407855304225658, "z": 0.4858460757332779, "w": 0.19302512646363434}}, "stability_score": 0.0}