{"GRASPA_board_pose": {"position": {"y": -0.2918306480207507, "x": 0.37615807023772047, "z": 0.07982620331542617}, "orientation": {"y": -0.014008827668419191, "x": -0.006263240556878214, "z": -0.6831482457048333, "w": 0.7301184828200774}}, "grasped_score": "1", "object": "mustard_bottle", "grasp_pose": {"position": {"y": -0.22815449524486048, "x": 0.6250644269178137, "z": 0.1817521101712456}, "orientation": {"y": 0.6056191623697795, "x": -0.3388124706686692, "z": 0.27407224584732304, "w": 0.6658197533462964}}, "stability_score": 1.0}