{"GRASPA_board_pose": {"position": {"y": -0.2735072074956217, "x": 0.40821743587217474, "z": 0.07978756966049566}, "orientation": {"y": -0.00864776427968274, "x": 0.008207474402031002, "z": -0.7014033076777767, "w": 0.7126648956666639}}, "grasped_score": "1", "object": "banana", "grasp_pose": {"position": {"y": 0.22879868109342322, "x": 0.6698491156228488, "z": 0.09404147021891307}, "orientation": {"y": 0.07434987724932304, "x": 0.9969887608932785, "z": 0.017441618464591392, "w": -0.013464633334461662}}, "stability_score": 1.0}