{"GRASPA_board_pose": {"position": {"y": -0.2732819382610438, "x": 0.40716781589508677, "z": 0.07667724338977033}, "orientation": {"y": -0.013704944709223173, "x": 0.011415907804498193, "z": -0.702607817827482, "w": 0.7113537136103387}}, "grasped_score": "1", "object": "chips_can", "grasp_pose": {"position": {"y": -0.019938242570812267, "x": 0.6983656992056569, "z": 0.3027238046612723}, "orientation": {"y": 0.7520224862077627, "x": -0.22578115160888593, "z": 0.22339630310279263, "w": 0.5775631078731278}}, "stability_score": 1.0}