{"GRASPA_board_pose": {"position": {"y": -0.27383447339949873, "x": 0.40821383854474325, "z": 0.07925107054372738}, "orientation": {"y": -0.008655946761183775, "x": 0.009796357051746701, "z": -0.7012827600178677, "w": 0.7127633523659197}}, "grasped_score": "1", "object": "cracker_box", "grasp_pose": {"position": {"y": -0.0977215422693842, "x": 0.6000714036220409, "z": 0.22522907982308193}, "orientation": {"y": -0.3859123238432349, "x": 0.9186159157361945, "z": -0.001815075513524499, "w": -0.08493046074846951}}, "stability_score": 1.0}