{"GRASPA_board_pose": {"position": {"y": -0.2732707556132327, "x": 0.40791875742286965, "z": 0.07758790109200375}, "orientation": {"y": -0.01194346935583217, "x": 0.010630257086023864, "z": -0.7017726345399602, "w": 0.7122215389784805}}, "grasped_score": "0", "object": "mustard_bottle", "grasp_pose": {"position": {"y": 0.12844214512302612, "x": 0.5579857409981739, "z": 0.23555669307229665}, "orientation": {"y": 0.4770335410802727, "x": 0.656248749724538, "z": 0.5797444030104115, "w": -0.07531936236784187}}, "stability_score": 0.0}