{"GRASPA_board_pose": {"position": {"y": -0.2738834637698784, "x": 0.4079331649559665, "z": 0.07662314684775895}, "orientation": {"y": -0.011818532513178317, "x": 0.012226716061077085, "z": -0.70151937432997, "w": 0.7124474697430571}}, "grasped_score": "1", "object": "mustard_bottle", "grasp_pose": {"position": {"y": 0.13018347867228003, "x": 0.5513936342867122, "z": 0.2086336145388703}, "orientation": {"y": -0.47187770789784217, "x": 0.5200962915391931, "z": 0.5461923683797051, "w": 0.4566236667541727}}, "stability_score": 1.0}