{"GRASPA_board_pose": {"position": {"y": -0.2731935204348276, "x": 0.4080057062533536, "z": 0.08075675907354984}, "orientation": {"y": -0.009712784047022227, "x": 0.007021797515427641, "z": -0.7016870932627643, "w": 0.7123844322654456}}, "grasped_score": "1", "object": "banana", "grasp_pose": {"position": {"y": 0.22937121597180304, "x": 0.6859493425801002, "z": 0.09625750903232777}, "orientation": {"y": -0.005722379936297457, "x": 0.9959021991750314, "z": 0.07562636605214482, "w": -0.049261717427915776}}, "stability_score": 1.0}