{"GRASPA_board_pose": {"position": {"y": -0.2730490336738441, "x": 0.40783539955005976, "z": 0.07856133821888722}, "orientation": {"y": -0.01218058307491216, "x": 0.009504721996209636, "z": -0.7019102844212142, "w": 0.7120977785946677}}, "grasped_score": "1", "object": "banana", "grasp_pose": {"position": {"y": 0.2269217959815546, "x": 0.681696399734535, "z": 0.09425976201717134}, "orientation": {"y": 0.9924185077803934, "x": 0.01419346844629736, "z": 0.11830462234926739, "w": 0.030134153367878582}}, "stability_score": 1.0}