{"GRASPA_board_pose": {"position": {"y": -0.27305125374133665, "x": 0.40781356690629383, "z": 0.07882322372653766}, "orientation": {"y": -0.0116686190120657, "x": 0.009883265129590878, "z": -0.7018306373295683, "w": 0.7121796970612831}}, "grasped_score": "1", "object": "potted_meat_can", "grasp_pose": {"position": {"y": -0.1701971596227574, "x": 0.45155519359040003, "z": 0.13499518561822266}, "orientation": {"y": 0.9463361052337399, "x": 0.2982489518384487, "z": 0.11176216242037676, "w": 0.05481567029075344}}, "stability_score": 1.0}