{"GRASPA_board_pose": {"position": {"y": -0.2730835957712392, "x": 0.40792513159574717, "z": 0.07869872462714761}, "orientation": {"y": -0.009844737683322826, "x": 0.00956023313079541, "z": -0.7017431402266748, "w": 0.7122978648200743}}, "grasped_score": "1", "object": "banana", "grasp_pose": {"position": {"y": 0.22830030088155434, "x": 0.686611043592726, "z": 0.09754034860005911}, "orientation": {"y": -0.05712423048898836, "x": 0.9970808571435409, "z": -0.006260734581238494, "w": -0.050273151994338725}}, "stability_score": 1.0}