{"GRASPA_board_pose": {"position": {"y": -0.2734831836676427, "x": 0.40688019589488367, "z": 0.07882250307078725}, "orientation": {"y": -0.012958835155238602, "x": 0.009450770860139061, "z": -0.7025572554685411, "w": 0.711446452173373}}, "grasped_score": "0", "object": "tennis_ball", "grasp_pose": {"position": {"y": -0.20522631640958222, "x": 0.5628630766832486, "z": 0.09123440235418512}, "orientation": {"y": 0.6251421248168734, "x": 0.683384610676852, "z": 0.23995626999034161, "w": -0.2908672999183898}}, "stability_score": 0.0}