{"GRASPA_board_pose": {"position": {"y": -0.27458598409184404, "x": 0.40805738085580723, "z": 0.07810353550417376}, "orientation": {"y": -0.011813541550755043, "x": 0.011267069559866477, "z": -0.7013580091057845, "w": 0.712622225616583}}, "grasped_score": "0", "object": "hammer", "grasp_pose": {"position": {"y": 0.09590866608857164, "x": 0.4406224757570282, "z": 0.07794884393192059}, "orientation": {"y": 0.7411202542303243, "x": -0.6711163846636113, "z": 0.012824794674663194, "w": 0.013382512737741539}}, "stability_score": 0.0}