{"GRASPA_board_pose": {"position": {"y": -0.27319321956593295, "x": 0.4077604526527107, "z": 0.07856429975556561}, "orientation": {"y": -0.012038230027068185, "x": 0.010174872344070347, "z": -0.7016939196822908, "w": 0.7123041457632405}}, "grasped_score": "1", "object": "potted_meat_can", "grasp_pose": {"position": {"y": -0.16443487758237324, "x": 0.44372601456967625, "z": 0.13348455107794321}, "orientation": {"y": 0.946553448809224, "x": 0.3098334312970166, "z": 0.08756462643506306, "w": 0.01929377089552089}}, "stability_score": 1.0}