{"GRASPA_board_pose": {"position": {"y": -0.2730820531003642, "x": 0.40797217463197155, "z": 0.07904953056337932}, "orientation": {"y": -0.011469405832103922, "x": 0.008981449944442714, "z": -0.7016514082190594, "w": 0.7123714534082375}}, "grasped_score": "1", "object": "potted_meat_can", "grasp_pose": {"position": {"y": -0.15896192295017958, "x": 0.43258070613029753, "z": 0.1316704861832927}, "orientation": {"y": 0.9389423321249094, "x": 0.32684559216753123, "z": 0.05505420710900465, "w": 0.0923487417569441}}, "stability_score": 1.0}