{"GRASPA_board_pose": {"position": {"y": -0.27316877516830235, "x": 0.40705491963513646, "z": 0.07727356497917537}, "orientation": {"y": -0.01306824206690051, "x": 0.009930045475942877, "z": -0.7027819892610461, "w": 0.7112159241864694}}, "grasped_score": "1", "object": "chips_can", "grasp_pose": {"position": {"y": -0.018899476449576326, "x": 0.6884547858356667, "z": 0.29514128587398414}, "orientation": {"y": 0.7419827285264113, "x": -0.2759100904739178, "z": 0.21994238293631074, "w": 0.5700531560578138}}, "stability_score": 1.0}