{"GRASPA_board_pose": {"position": {"y": -0.2729660882228504, "x": 0.4078296890040553, "z": 0.07919817296125659}, "orientation": {"y": -0.011961178533718171, "x": 0.009013603882669089, "z": -0.70174076441591, "w": 0.7122749361799171}}, "grasped_score": "0", "object": "hammer", "grasp_pose": {"position": {"y": 0.03693418291251323, "x": 0.4273826628474387, "z": 0.07365764589105361}, "orientation": {"y": 0.7282622392734794, "x": -0.6843211222333774, "z": 0.005678592547439988, "w": 0.036145070207545454}}, "stability_score": 0.0}