{"GRASPA_board_pose": {"position": {"y": -0.2733512745441372, "x": 0.4069706938215188, "z": 0.07902494642199548}, "orientation": {"y": -0.01201688024240544, "x": 0.008511996268730043, "z": -0.7027150391270377, "w": 0.71131899615675}}, "grasped_score": "1", "object": "chips_can", "grasp_pose": {"position": {"y": -0.026882233879425586, "x": 0.6865348094190539, "z": 0.2913073051946652}, "orientation": {"y": 0.8181449790105707, "x": -0.12868641618461854, "z": 0.05042198456892877, "w": 0.5581543004237112}}, "stability_score": 0.4}