{"GRASPA_board_pose": {"position": {"y": -0.27099432432267767, "x": 0.41226618730656805, "z": 0.08189773514276766}, "orientation": {"y": -0.016851096908795632, "x": 0.00559357863419552, "z": -0.6981317090019392, "w": 0.7157491664662038}}, "grasped_score": "1", "object": "scissors", "grasp_pose": {"position": {"y": 0.06765890924728354, "x": 0.5536700652411548, "z": 0.07700746597100605}, "orientation": {"y": 0.8135032617895472, "x": 0.5752769799361606, "z": -0.013131162889971303, "w": 0.08424020402666768}}, "stability_score": 1.0}