{"GRASPA_board_pose": {"position": {"y": -0.2717439366064861, "x": 0.4135733923395693, "z": 0.0791530533118242}, "orientation": {"y": -0.016801140608653477, "x": 0.008354453657475327, "z": -0.6972296352855254, "w": 0.7166022330818865}}, "grasped_score": "1", "object": "scissors", "grasp_pose": {"position": {"y": 0.1050018991870588, "x": 0.5478684263844016, "z": 0.07206840088335198}, "orientation": {"y": 0.859888060016562, "x": 0.5074219534939953, "z": -0.05432842835676016, "w": 0.012802625729727462}}, "stability_score": 1.0}