{"GRASPA_board_pose": {"position": {"y": -0.27369626889009563, "x": 0.4142168503227508, "z": 0.08055961577977278}, "orientation": {"y": -0.016887065529386038, "x": 0.007528885032091416, "z": -0.6973022971150242, "w": 0.7165386586542907}}, "grasped_score": "0", "object": "power_drill", "grasp_pose": {"position": {"y": 0.1697696568112273, "x": 0.6648964384125134, "z": 0.24362263765379244}, "orientation": {"y": 0.7146970000139046, "x": 0.6674354613069954, "z": 0.12667352439212987, "w": 0.16640889813684712}}, "stability_score": 0.0}