{"GRASPA_board_pose": {"position": {"y": -0.2705462244869234, "x": 0.41205510428548275, "z": 0.08199429629982252}, "orientation": {"y": -0.018246556645717543, "x": 0.005595377029621014, "z": -0.6983444679996078, "w": 0.7155073437364678}}, "grasped_score": "0", "object": "tomato_soup_can", "grasp_pose": {"position": {"y": 0.1992363075821605, "x": 0.42185188561303655, "z": 0.16109765936175735}, "orientation": {"y": 0.9980984672421079, "x": -0.005549094156069731, "z": -0.061093395985405904, "w": -0.006021146898435537}}, "stability_score": 0.0}