{"GRASPA_board_pose": {"position": {"y": -0.2697938027042156, "x": 0.41346198111737065, "z": 0.08325990949508541}, "orientation": {"y": -0.015577639700521081, "x": 0.003938513363039073, "z": -0.699216024293627, "w": 0.7147298626927968}}, "grasped_score": "0", "object": "tennis_ball", "grasp_pose": {"position": {"y": -0.10484774003063756, "x": 0.46785589345050604, "z": 0.10249841243373059}, "orientation": {"y": 0.9348873248379679, "x": -0.15025943138829856, "z": -0.01630891129511271, "w": -0.3211569905023734}}, "stability_score": 0.0}