{"GRASPA_board_pose": {"position": {"y": -0.2707158905340326, "x": 0.4139463917044966, "z": 0.08455597985162316}, "orientation": {"y": -0.016003138218280248, "x": 0.0029454196241891556, "z": -0.696535709284457, "w": 0.717337598179548}}, "grasped_score": "1", "object": "strawberry", "grasp_pose": {"position": {"y": -0.12123628342755877, "x": 0.6148648217755501, "z": 0.08488923210882782}, "orientation": {"y": -0.07000997998354146, "x": 0.9812201204398724, "z": -0.1694706545585174, "w": 0.05987800255664886}}, "stability_score": 1.0}