{"GRASPA_board_pose": {"position": {"y": -0.2739634097594073, "x": 0.41489585570031806, "z": 0.08245807567479069}, "orientation": {"y": -0.009514755089387797, "x": 0.007171394631024812, "z": -0.6937983813116971, "w": 0.7200707233486888}}, "grasped_score": "1", "object": "strawberry", "grasp_pose": {"position": {"y": -0.1128973616511128, "x": 0.6074149499677952, "z": 0.08399154369384809}, "orientation": {"y": -0.01948782742511461, "x": 0.9792904551375536, "z": -0.1998333658337463, "w": 0.026020279750381774}}, "stability_score": 1.0}