{"GRASPA_board_pose": {"position": {"y": -0.27095298176420773, "x": 0.4113369895231043, "z": 0.08042733338961094}, "orientation": {"y": -0.019269537083167202, "x": 0.0065015655070522526, "z": -0.6994535600562962, "w": 0.7143886420647597}}, "grasped_score": "1", "object": "medium_clamp", "grasp_pose": {"position": {"y": 0.08343881905051337, "x": 0.6543189483198748, "z": 0.08524574564948295}, "orientation": {"y": -0.6416124378247773, "x": 0.7379333841738286, "z": -0.11654761002878071, "w": -0.17379428859109872}}, "stability_score": 1.0}