{"GRASPA_board_pose": {"position": {"y": -0.2688942880441798, "x": 0.40559931506390196, "z": 0.07941741713737288}, "orientation": {"y": -0.017608127441252064, "x": 0.007274807437320376, "z": -0.7039055539528664, "w": 0.7100380286569661}}, "grasped_score": "1", "object": "mustard_bottle", "grasp_pose": {"position": {"y": -0.20294009622335804, "x": 0.6793056338791306, "z": 0.224047243301363}, "orientation": {"y": 0.7608834390855665, "x": -0.23373604589570698, "z": 0.27240868727457845, "w": 0.5405713274598473}}, "stability_score": 1.0}