{"GRASPA_board_pose": {"position": {"y": -0.26976836922047703, "x": 0.4132150983949304, "z": 0.08152533698100267}, "orientation": {"y": -0.019182405972742792, "x": 0.0052279599269720095, "z": -0.6975511188971288, "w": 0.7162591292691929}}, "grasped_score": "1", "object": "strawberry", "grasp_pose": {"position": {"y": -0.09643700825549543, "x": 0.6169551704199545, "z": 0.08415804818420192}, "orientation": {"y": -0.6069664521630582, "x": 0.7849519750964844, "z": -0.07636927884789362, "w": -0.09802987294172491}}, "stability_score": 1.0}