{"GRASPA_board_pose": {"position": {"y": -0.2706524695207905, "x": 0.4122351998881141, "z": 0.08002838038403215}, "orientation": {"y": -0.018285858033189273, "x": 0.007291055180261666, "z": -0.6983196302056005, "w": 0.7155153121910541}}, "grasped_score": "0", "object": "tomato_soup_can", "grasp_pose": {"position": {"y": 0.19972067720144648, "x": 0.41780523362286337, "z": 0.1828961963782223}, "orientation": {"y": 0.8204330692194237, "x": 0.13477775449992194, "z": -0.5556251616247764, "w": 0.0022837671939495508}}, "stability_score": 0.0}