{"GRASPA_board_pose": {"position": {"y": -0.27315299239978286, "x": 0.41378014174958216, "z": 0.08332095362188413}, "orientation": {"y": -0.015792762454546472, "x": 0.003670434087081753, "z": -0.6976986721142518, "w": 0.7162078465764504}}, "grasped_score": "1", "object": "power_drill", "grasp_pose": {"position": {"y": 0.1648599569211182, "x": 0.6685887305392315, "z": 0.23163216846478357}, "orientation": {"y": -0.6439908531232461, "x": 0.75844540110749, "z": 0.043179045862117967, "w": -0.09039869817054647}}, "stability_score": 1.0}