{"GRASPA_board_pose": {"position": {"y": -0.2709211839417722, "x": 0.41254635090321884, "z": 0.08000066733785549}, "orientation": {"y": -0.017938396767658345, "x": 0.007554307886168902, "z": -0.6982368024551636, "w": 0.7156022037773191}}, "grasped_score": "1", "object": "scissors", "grasp_pose": {"position": {"y": 0.1067324403672607, "x": 0.5384678905017649, "z": 0.07759257454615798}, "orientation": {"y": 0.8558751385285455, "x": 0.513779236242686, "z": 0.01498600337905742, "w": -0.05730674792159054}}, "stability_score": 1.0}