{"GRASPA_board_pose": {"position": {"y": -0.27045665910637995, "x": 0.4119121625662791, "z": 0.0818072571113973}, "orientation": {"y": -0.017555999854839476, "x": 0.005516808308069475, "z": -0.6989430310401611, "w": 0.7149405507142406}}, "grasped_score": "1", "object": "medium_clamp", "grasp_pose": {"position": {"y": 0.04735503167932825, "x": 0.6445330789592383, "z": 0.08290894529530946}, "orientation": {"y": 0.5096071824986808, "x": 0.8594882040946367, "z": -0.03012518490000985, "w": -0.02594262520781676}}, "stability_score": 1.0}