{"GRASPA_board_pose": {"position": {"y": -0.27272453603737995, "x": 0.413720266792517, "z": 0.08055265309903159}, "orientation": {"y": -0.020060890028799794, "x": 0.0072380544064902744, "z": -0.6980412512547369, "w": 0.7157398848788451}}, "grasped_score": "0", "object": "power_drill", "grasp_pose": {"position": {"y": 0.1403752034756717, "x": 0.669865824228222, "z": 0.22810642502016737}, "orientation": {"y": 0.7108312471815321, "x": 0.6958652230197749, "z": 0.10239830734132686, "w": -0.00226187435952748}}, "stability_score": 0.0}