{"GRASPA_board_pose": {"position": {"y": -0.26988942359261814, "x": 0.4114369310365608, "z": 0.08112521097564407}, "orientation": {"y": -0.018777595689464837, "x": 0.006070419314557297, "z": -0.6997023432880517, "w": 0.7141618743020924}}, "grasped_score": "1", "object": "medium_clamp", "grasp_pose": {"position": {"y": 0.04960186624624913, "x": 0.6389940115076485, "z": 0.07972581102366405}, "orientation": {"y": -0.6517052775121803, "x": 0.757307421324992, "z": -0.030461562140469065, "w": 0.028944673099304357}}, "stability_score": 1.0}