{"GRASPA_board_pose": {"position": {"y": -0.26991335567639146, "x": 0.40601154158090735, "z": 0.07941064959189004}, "orientation": {"y": -0.014781628992330292, "x": 0.0075336478437462865, "z": -0.7030694442660146, "w": 0.7109276363554713}}, "grasped_score": "0", "object": "potted_meat_can", "grasp_pose": {"position": {"y": 0.06701578437837546, "x": 0.3865342679070263, "z": 0.11602275475521862}, "orientation": {"y": 0.9865092344414431, "x": -0.13988129120398332, "z": 0.06460727690202984, "w": 0.055305103780473264}}, "stability_score": 0.0}