{"GRASPA_board_pose": {"position": {"y": -0.2699705874123612, "x": 0.4138807052637284, "z": 0.08144337241320604}, "orientation": {"y": -0.017906297819470337, "x": 0.005639620009642865, "z": -0.6989619858636922, "w": 0.714912373303212}}, "grasped_score": "1", "object": "tennis_ball", "grasp_pose": {"position": {"y": -0.12620434507790124, "x": 0.45910436217430106, "z": 0.09957421213309103}, "orientation": {"y": -0.6651221621002382, "x": 0.7181100484028751, "z": 0.052981869512652054, "w": 0.19779633305212946}}, "stability_score": 1.0}