{"GRASPA_board_pose": {"position": {"y": -0.27061611713457256, "x": 0.4077496554486129, "z": 0.07833503339984305}, "orientation": {"y": -0.01257029203410838, "x": 0.008077212785172124, "z": -0.7019185086944183, "w": 0.7121005220781713}}, "grasped_score": "0", "object": "chips_can", "grasp_pose": {"position": {"y": -0.06859505416225399, "x": 0.6738869401633345, "z": 0.289485318373684}, "orientation": {"y": 0.493406762168726, "x": 0.6409161437131428, "z": 0.43078634155176737, "w": -0.4002491620309682}}, "stability_score": 0.0}