{"GRASPA_board_pose": {"position": {"y": -0.28218953642346717, "x": 0.4746289005164153, "z": 0.07495683284133331}, "orientation": {"y": -0.014922144106571278, "x": 0.019477967588057372, "z": -0.6898697175577431, "w": 0.7235175956330994}}, "grasped_score": "1", "object": "potted_meat_can", "grasp_pose": {"position": {"y": -0.17312938224567698, "x": 0.501591399748264, "z": 0.14054449252169765}, "orientation": {"y": 0.9655839379742607, "x": 0.2480778975187116, "z": 0.07809022899661423, "w": 0.002632797764962628}}, "stability_score": 1.0}