{"GRASPA_board_pose": {"position": {"y": -0.28259185341725873, "x": 0.4752130470147786, "z": 0.0740879816167293}, "orientation": {"y": -0.014044388348418476, "x": 0.02058721691873609, "z": -0.6896899532160435, "w": 0.7236758183664227}}, "grasped_score": "1", "object": "cracker_box", "grasp_pose": {"position": {"y": -0.06401408451394533, "x": 0.6317496576259451, "z": 0.22688228284989198}, "orientation": {"y": 0.8958095468702914, "x": 0.43402886587647166, "z": 0.08746507600496867, "w": 0.03865306975484492}}, "stability_score": 1.0}