{"GRASPA_board_pose": {"position": {"y": -0.2816982204028208, "x": 0.47435613429245, "z": 0.07682259529681762}, "orientation": {"y": -0.013061155318788457, "x": 0.01685862519033275, "z": -0.6900052824850951, "w": 0.7234900850192035}}, "grasped_score": "1", "object": "hammer", "grasp_pose": {"position": {"y": -0.018294966069494212, "x": 0.4845659711722242, "z": 0.0742418770295129}, "orientation": {"y": 0.7108656725225183, "x": -0.7026940557164707, "z": -0.002889111394819117, "w": 0.02971048173950431}}, "stability_score": 0.4}