{"GRASPA_board_pose": {"position": {"y": -0.282302692859887, "x": 0.4745870854824398, "z": 0.07383310993725078}, "orientation": {"y": -0.013655792792917626, "x": 0.020671479636802347, "z": -0.6897866464648028, "w": 0.7235886895271811}}, "grasped_score": "0", "object": "chips_can", "grasp_pose": {"position": {"y": -0.03561276934094965, "x": 0.7388290485929565, "z": 0.2961621918184557}, "orientation": {"y": -0.5762208750172295, "x": 0.6433077296984103, "z": 0.40071132284500655, "w": 0.3058677881838175}}, "stability_score": 0.0}