{"GRASPA_board_pose": {"position": {"y": -0.27040881851830173, "x": 0.35168801496041496, "z": 0.07991710656295109}, "orientation": {"y": -0.024135973965131143, "x": 3.989647484399423e-05, "z": -0.693179586069384, "w": 0.7203606837034512}}, "grasped_score": "1", "object": "banana", "grasp_pose": {"position": {"y": -0.07357987010051442, "x": 0.4424334176488844, "z": 0.08799054499777881}, "orientation": {"y": 0.7727560452586877, "x": 0.6059961579694646, "z": 0.0504443357783507, "w": 0.1818574167590694}}, "stability_score": 1.0}