{"GRASPA_board_pose": {"position": {"y": -0.264602991753127, "x": 0.372470273717743, "z": 0.08042707919918679}, "orientation": {"y": -0.02330081976659943, "x": -0.00012958493504942976, "z": -0.6901453827071627, "w": 0.7232955175679806}}, "grasped_score": "1", "object": "foam_brick", "grasp_pose": {"position": {"y": 0.13324416792179494, "x": 0.4954546918690464, "z": 0.0891450080204439}, "orientation": {"y": 0.9527928028620304, "x": 0.28904361002684215, "z": 0.0626576654115617, "w": 0.06865626906655815}}, "stability_score": 1.0}