{"GRASPA_board_pose": {"position": {"y": -0.2636928418390344, "x": 0.3728440511325188, "z": 0.08009939197338461}, "orientation": {"y": -0.02388901096987137, "x": 0.00015053227439023825, "z": -0.6904254235160229, "w": 0.7230090089740487}}, "grasped_score": "0", "object": "potted_meat_can", "grasp_pose": {"position": {"y": -0.042972265001773036, "x": 0.5622116697830325, "z": 0.1485412787985375}, "orientation": {"y": 0.9350071211424141, "x": 0.2897648696825771, "z": -0.19896712609084252, "w": -0.04701155651502319}}, "stability_score": 0.0}