{"GRASPA_board_pose": {"position": {"y": -0.27048595545606696, "x": 0.3515821355275308, "z": 0.07984675930860896}, "orientation": {"y": -0.02400756644395945, "x": 0.00015710064754578291, "z": -0.6934588730597859, "w": 0.7200961070909059}}, "grasped_score": "1", "object": "mustard_bottle", "grasp_pose": {"position": {"y": -0.18897331412971835, "x": 0.5166335669730489, "z": 0.22207460783559174}, "orientation": {"y": 0.7361872802150753, "x": -0.2610476092501328, "z": 0.24071582829926236, "w": 0.5761408891586504}}, "stability_score": 1.0}