{"GRASPA_board_pose": {"position": {"y": -0.27088836703094504, "x": 0.35171719574447935, "z": 0.07972710368591329}, "orientation": {"y": -0.02370650627464049, "x": -4.2262533607996686e-05, "z": -0.693219942610979, "w": 0.7203361097019638}}, "grasped_score": "1", "object": "mustard_bottle", "grasp_pose": {"position": {"y": -0.194064413530035, "x": 0.4976028540523489, "z": 0.18615954734416268}, "orientation": {"y": 0.6138547588884259, "x": -0.3780930341175045, "z": 0.3365047691612079, "w": 0.605799086227121}}, "stability_score": 1.0}