{"GRASPA_board_pose": {"position": {"y": -0.26392748842114866, "x": 0.3729296986482654, "z": 0.07972442985118527}, "orientation": {"y": -0.02382279527850688, "x": 0.0003951780700279679, "z": -0.6905451700517028, "w": 0.7228967328586265}}, "grasped_score": "0", "object": "foam_brick", "grasp_pose": {"position": {"y": 0.1706724038293317, "x": 0.4751098632122353, "z": 0.09172811280747406}, "orientation": {"y": 0.5121688817860842, "x": 0.7204735982028335, "z": -0.4159858054761945, "w": 0.21344001608174712}}, "stability_score": 0.0}