{"GRASPA_board_pose": {"position": {"y": -0.27062129345315816, "x": 0.3515278013727064, "z": 0.07979641134707116}, "orientation": {"y": -0.023926691876387678, "x": -0.00034784124434606616, "z": -0.6935740236429099, "w": 0.7199878236123897}}, "grasped_score": "1", "object": "mustard_bottle", "grasp_pose": {"position": {"y": -0.19181161653873918, "x": 0.5039847013980331, "z": 0.1397509116348435}, "orientation": {"y": 0.32068796511696784, "x": 0.6521866684082411, "z": 0.6218201199444917, "w": -0.2918073285781486}}, "stability_score": 1.0}