{"GRASPA_board_pose": {"position": {"y": -0.2716217292817895, "x": 0.35177646047145017, "z": 0.07999559878918805}, "orientation": {"y": -0.022926829850303903, "x": -0.000371033753450084, "z": -0.6927871251317823, "w": 0.72077751217599}}, "grasped_score": "0", "object": "mustard_bottle", "grasp_pose": {"position": {"y": -0.195691739459237, "x": 0.49731369453806407, "z": 0.18978762716921593}, "orientation": {"y": 0.39963313615402807, "x": 0.7101433587485206, "z": 0.5045633325127218, "w": -0.28531668369852187}}, "stability_score": 0.0}