{"GRASPA_board_pose": {"position": {"y": -0.2730742838789697, "x": 0.3990253979569596, "z": 0.07986594942653369}, "orientation": {"y": -0.015890095351921357, "x": 0.009083353544615523, "z": -0.7043416973344965, "w": 0.7096250918295174}}, "grasped_score": "1", "object": "banana", "grasp_pose": {"position": {"y": -0.10524363710935433, "x": 0.521469076227381, "z": 0.07965969539175932}, "orientation": {"y": 0.8639345231037483, "x": 0.49923054422835994, "z": 0.06261613071155016, "w": -0.021569044338333166}}, "stability_score": 1.0}