{"GRASPA_board_pose": {"position": {"y": -0.27296323324440197, "x": 0.40013601409648064, "z": 0.07958114115844217}, "orientation": {"y": -0.01629144390099553, "x": 0.009598897777622961, "z": -0.7041047329683641, "w": 0.7098443315464482}}, "grasped_score": "0", "object": "mustard_bottle", "grasp_pose": {"position": {"y": -0.1869638299142165, "x": 0.5718151713225956, "z": 0.23237744426135026}, "orientation": {"y": 0.8914841167181695, "x": -0.11615722751017686, "z": 0.14032589176507676, "w": 0.4148158775127953}}, "stability_score": 0.0}