{"GRASPA_board_pose": {"position": {"y": -0.2724800797679475, "x": 0.40001385814058943, "z": 0.0801993499852176}, "orientation": {"y": -0.015493551629098993, "x": 0.008630126956741242, "z": -0.7039304570340882, "w": 0.7100474508273421}}, "grasped_score": "1", "object": "gelatin_box", "grasp_pose": {"position": {"y": 0.14960367064174512, "x": 0.6486244402034975, "z": 0.15401869150720682}, "orientation": {"y": 0.7882742445738825, "x": 0.4085261506290411, "z": -0.13436397603956027, "w": 0.4400868340867896}}, "stability_score": 1.0}