{"GRASPA_board_pose": {"position": {"y": -0.2725918578976709, "x": 0.4000241600483384, "z": 0.08093823547676193}, "orientation": {"y": -0.015605284204604946, "x": 0.007481319599952856, "z": -0.7041289723175462, "w": 0.7098611803056802}}, "grasped_score": "1", "object": "gelatin_box", "grasp_pose": {"position": {"y": 0.16325342741798257, "x": 0.6334562524501871, "z": 0.15018222619877775}, "orientation": {"y": -0.34122633505825894, "x": 0.9390301930819327, "z": -0.0008107649380023479, "w": 0.04226378359106313}}, "stability_score": 1.0}