{"GRASPA_board_pose": {"position": {"y": -0.253201110752941, "x": 0.4660646724528729, "z": 0.0741636461388272}, "orientation": {"y": -0.011871048547504807, "x": 0.020053093663514116, "z": -0.6912345521716272, "w": 0.7222546265168505}}, "grasped_score": "0", "object": "scissors", "grasp_pose": {"position": {"y": 0.10798585500993692, "x": 0.5921394504676832, "z": 0.07933283378069456}, "orientation": {"y": -0.5049213727637432, "x": 0.8486053472493776, "z": 0.12535649148983588, "w": 0.09596417033194714}}, "stability_score": 0.0}