{"GRASPA_board_pose": {"position": {"y": -0.2550159856216347, "x": 0.46480830599576356, "z": 0.07301835448820448}, "orientation": {"y": -0.011291247574657187, "x": 0.021057931273618807, "z": -0.6916740127919173, "w": 0.7218144715139824}}, "grasped_score": "1", "object": "pear", "grasp_pose": {"position": {"y": -0.00658477224314729, "x": 0.5647357242618605, "z": 0.10741284392776729}, "orientation": {"y": -0.11574895889314829, "x": 0.986809304327925, "z": -0.07742807522356283, "w": 0.08254979451314676}}, "stability_score": 1.0}