{"GRASPA_board_pose": {"position": {"y": -0.25304335727708827, "x": 0.46601566184037396, "z": 0.07388703093216675}, "orientation": {"y": -0.01310493652259661, "x": 0.020379377548946337, "z": -0.6910481003945764, "w": 0.7224025640531072}}, "grasped_score": "1", "object": "potted_meat", "grasp_pose": {"position": {"y": 0.09953650999611274, "x": 0.47649422861817337, "z": 0.1413091714998933}, "orientation": {"y": 0.38344772733728977, "x": 0.9212469582773578, "z": 0.06337187958293267, "w": -0.015996472820899513}}, "stability_score": 1.0}