{"GRASPA_board_pose": {"position": {"y": -0.253222112155378, "x": 0.46594280818108247, "z": 0.07617081699871314}, "orientation": {"y": -0.011235502597520005, "x": 0.01737391593236067, "z": -0.6912364658298675, "w": 0.7223323742112013}}, "grasped_score": "1", "object": "scissors", "grasp_pose": {"position": {"y": 0.12011069160818982, "x": 0.5866129939954005, "z": 0.07027130484182798}, "orientation": {"y": 0.8765278228192648, "x": 0.4813045077555288, "z": 0.0020619000979311074, "w": -0.0063792794196289105}}, "stability_score": 1.0}