{"GRASPA_board_pose": {"position": {"y": -0.25481485584095354, "x": 0.46474112369535703, "z": 0.07355889388449083}, "orientation": {"y": -0.013204691402128025, "x": 0.020297902689234492, "z": -0.6916369665191241, "w": 0.7218392742263452}}, "grasped_score": "1", "object": "potted_meat", "grasp_pose": {"position": {"y": 0.1052582543050499, "x": 0.48099162784087207, "z": 0.14309632991481136}, "orientation": {"y": 0.36882273508048125, "x": 0.928049921923809, "z": 0.051299767012443334, "w": 0.007840051621921246}}, "stability_score": 1.0}