{"GRASPA_board_pose": {"position": {"y": -0.2535891568356306, "x": 0.4654392531295603, "z": 0.07337197373688387}, "orientation": {"y": -0.013623920647187515, "x": 0.021130238563969585, "z": -0.6908889340986942, "w": 0.7225236207518748}}, "grasped_score": "1", "object": "strawberry", "grasp_pose": {"position": {"y": -0.08541359333398559, "x": 0.6747150015892657, "z": 0.09221909252580418}, "orientation": {"y": 0.9093566583482143, "x": 0.2810658458798895, "z": -0.09108527106633747, "w": 0.2928752833414982}}, "stability_score": 1.0}