{"GRASPA_board_pose": {"position": {"y": -0.24512719665127272, "x": 0.44634857708015174, "z": 0.07553628673627621}, "orientation": {"y": -0.011016327201507855, "x": 0.016964627670211674, "z": -0.6977961546588898, "w": 0.7160107321027159}}, "grasped_score": "0", "object": "mustard_bottle", "grasp_pose": {"position": {"y": -0.17573339630832263, "x": 0.7252183617563839, "z": 0.1940540240536167}, "orientation": {"y": 0.9971770250817686, "x": -0.015573555070510316, "z": 0.023427625698770965, "w": 0.06961746465979628}}, "stability_score": 0.0}