{"GRASPA_board_pose": {"position": {"y": -0.2597946015132699, "x": 0.4642515306906782, "z": 0.07369163831621262}, "orientation": {"y": -0.010512737518568493, "x": 0.020075924978982328, "z": -0.6985808241950017, "w": 0.7151721972036776}}, "grasped_score": "1", "object": "chips_can", "grasp_pose": {"position": {"y": -0.06482502225998894, "x": 0.7319069680905465, "z": 0.31421490727883367}, "orientation": {"y": -0.5512177938175371, "x": 0.5838256610586989, "z": 0.40470527917314125, "w": 0.437630184376821}}, "stability_score": 1.0}