{"GRASPA_board_pose": {"position": {"y": -0.2724700387549015, "x": 0.4097936031054387, "z": 0.07603084984234526}, "orientation": {"y": -0.011745294453985925, "x": 0.012028163324150245, "z": -0.7008422212772843, "w": 0.7131181895172488}}, "grasped_score": "1", "object": "medium_clamp", "grasp_pose": {"position": {"y": 0.0390029427996188, "x": 0.6395103343108146, "z": 0.07918618838151337}, "orientation": {"y": 0.5742328198601034, "x": 0.8148518289511175, "z": 0.06539987049289453, "w": -0.04467686638569178}}, "stability_score": 1.0}