{"GRASPA_board_pose": {"position": {"y": -0.272636806292667, "x": 0.4094925797694908, "z": 0.07730522458979022}, "orientation": {"y": -0.010307177204792996, "x": 0.010025120925217724, "z": -0.701171439476993, "w": 0.7128477197201837}}, "grasped_score": "1", "object": "tennis_ball", "grasp_pose": {"position": {"y": -0.13375751371129807, "x": 0.45839247505647324, "z": 0.0903310841818522}, "orientation": {"y": -0.5074764438018141, "x": 0.8151948513666223, "z": -0.26253691174831195, "w": -0.09486507925087138}}, "stability_score": 1.0}