{"GRASPA_board_pose": {"position": {"y": -0.2742406958433295, "x": 0.40791206739470415, "z": 0.07599689610456606}, "orientation": {"y": -0.009701254049081103, "x": 0.011676624337296219, "z": -0.7006587988057374, "w": 0.7133349772512646}}, "grasped_score": "1", "object": "chips_can", "grasp_pose": {"position": {"y": -0.2156174861129734, "x": 0.668188154761341, "z": 0.19372198319678213}, "orientation": {"y": 0.7446137891431163, "x": -0.13114189425783754, "z": 0.23265231122936303, "w": 0.6117393322878893}}, "stability_score": 1.0}