{"GRASPA_board_pose": {"position": {"y": -0.2730548700464511, "x": 0.4096373710893894, "z": 0.07597682123950716}, "orientation": {"y": -0.011353779379824337, "x": 0.012217044178777137, "z": -0.7008270324447253, "w": 0.7131362465336115}}, "grasped_score": "0", "object": "scissors", "grasp_pose": {"position": {"y": 0.08325024839486364, "x": 0.5516011559444299, "z": 0.08518068438247128}, "orientation": {"y": 0.8582442369692171, "x": 0.4565436066010861, "z": -0.10556879190804874, "w": 0.20938002568505487}}, "stability_score": 0.0}