{"GRASPA_board_pose": {"position": {"y": -0.272502944917532, "x": 0.40969777184996486, "z": 0.07619610244541747}, "orientation": {"y": -0.01118174683711148, "x": 0.01248498418792369, "z": -0.7009169184803924, "w": 0.7130459782478609}}, "grasped_score": "0", "object": "medium_clamp", "grasp_pose": {"position": {"y": 0.06561974685447636, "x": 0.6514430965778036, "z": 0.08270510686735422}, "orientation": {"y": -0.6281063706999752, "x": 0.6838344329012981, "z": -0.28889785403158935, "w": -0.23321853571405468}}, "stability_score": 0.0}