{"GRASPA_board_pose": {"position": {"y": -0.2744028897242087, "x": 0.40805581098815463, "z": 0.07645057300813124}, "orientation": {"y": -0.011354365494646938, "x": 0.011477615903830852, "z": -0.7005598299080269, "w": 0.7134110087716721}}, "grasped_score": "0", "object": "mustard_bottle", "grasp_pose": {"position": {"y": -0.2107057171697485, "x": 0.6999914137230897, "z": 0.21942657272003718}, "orientation": {"y": 0.22150359407972783, "x": 0.9400174000925828, "z": 0.256306727574186, "w": -0.04012862735200541}}, "stability_score": 0.0}