{"GRASPA_board_pose": {"position": {"y": -0.27215485774253617, "x": 0.4097370378551911, "z": 0.07956546977171775}, "orientation": {"y": -0.010145022860242603, "x": 0.007042879170716374, "z": -0.7010763851239235, "w": 0.7129792273171244}}, "grasped_score": "1", "object": "pear", "grasp_pose": {"position": {"y": -0.04663218376881371, "x": 0.5113360861598615, "z": 0.101841084560091}, "orientation": {"y": 0.997391203721499, "x": 0.06824011579209095, "z": -0.01422206527323092, "w": 0.018756497408239897}}, "stability_score": 1.0}