{"GRASPA_board_pose": {"position": {"y": -0.27293583347712563, "x": 0.4094608645021241, "z": 0.0764936163798679}, "orientation": {"y": -0.012463729285078658, "x": 0.01252104681167924, "z": -0.7009395146205019, "w": 0.7130018763528068}}, "grasped_score": "1", "object": "potted_meat_can", "grasp_pose": {"position": {"y": 0.08890163683227921, "x": 0.44649224668800147, "z": 0.13375333658348176}, "orientation": {"y": 0.260686273737642, "x": 0.9637884925383018, "z": 0.0545674262148726, "w": -0.013296779001539815}}, "stability_score": 1.0}