{"GRASPA_board_pose": {"position": {"y": -0.26294468450993896, "x": 0.3664210047109042, "z": 0.0801644556836979}, "orientation": {"y": -0.024040998438970253, "x": 0.00011657847994211744, "z": -0.6961794180355046, "w": 0.7174651452908788}}, "grasped_score": "0", "object": "potted_meat_can", "grasp_pose": {"position": {"y": -0.1780544818040647, "x": 0.40715185318871405, "z": 0.1561892683577858}, "orientation": {"y": -0.3125086223178758, "x": 0.8733109728913581, "z": 0.008973533470685028, "w": 0.3736118056239439}}, "stability_score": 0.0}