{"GRASPA_board_pose": {"position": {"y": -0.2683859381911227, "x": 0.3710752548574659, "z": 0.0802019942275814}, "orientation": {"y": -0.021087925370784737, "x": -0.0009917312473794535, "z": -0.6962244459475512, "w": 0.7175136491647488}}, "grasped_score": "0", "object": "tennis_ball", "grasp_pose": {"position": {"y": -0.1888986489009969, "x": 0.5036390384481767, "z": 0.10756375146336589}, "orientation": {"y": 0.7833797204143417, "x": -0.5312110001182773, "z": -0.26007674237266043, "w": -0.1910266344615648}}, "stability_score": 0.0}