{"GRASPA_board_pose": {"position": {"y": -0.2819699549418838, "x": 0.36532186563419966, "z": 0.08153640915331095}, "orientation": {"y": -0.018865429021666144, "x": -0.0006827580632552557, "z": -0.706588760857343, "w": 0.7073725697674035}}, "grasped_score": "0", "object": "mustard_bottle", "grasp_pose": {"position": {"y": 0.12803130376604832, "x": 0.5042648653080539, "z": 0.2443831147423552}, "orientation": {"y": -0.6426595580573283, "x": -0.38378160649620935, "z": -0.35284612531449006, "w": 0.5614267385895505}}, "stability_score": 0.0}