{"GRASPA_board_pose": {"position": {"y": -0.27830781367827134, "x": 0.3976510951516996, "z": 0.08076406551260612}, "orientation": {"y": -0.015758241174641224, "x": 0.007001982602210895, "z": -0.7001904736509176, "w": 0.7137478200899978}}, "grasped_score": "1", "object": "chips_can", "grasp_pose": {"position": {"y": -0.036515383625558, "x": 0.6784911186670327, "z": 0.3034620552279477}, "orientation": {"y": -0.4476183048552556, "x": 0.6323672390794349, "z": 0.4786974134548451, "w": 0.41303548812323765}}, "stability_score": 1.0}