{"GRASPA_board_pose": {"position": {"y": -0.27919747240503806, "x": 0.3991117913344835, "z": 0.08054445651510089}, "orientation": {"y": -0.015954544913787515, "x": 0.007060444393440364, "z": -0.7000279727910816, "w": 0.7139022621700885}}, "grasped_score": "1", "object": "mustard_bottle", "grasp_pose": {"position": {"y": 0.10271594876409752, "x": 0.5427462518007096, "z": 0.22045506956699623}, "orientation": {"y": 0.6091586003364484, "x": 0.512218371758086, "z": -0.3023534986225224, "w": 0.5245383695597061}}, "stability_score": 1.0}