{"GRASPA_board_pose": {"position": {"y": -0.27318207599250105, "x": 0.39993309365910523, "z": 0.0804500512561595}, "orientation": {"y": -0.015769930623226958, "x": 0.007953368226161413, "z": -0.7031400752766823, "w": 0.7108319687253095}}, "grasped_score": "0", "object": "hammer", "grasp_pose": {"position": {"y": 0.11701419518178477, "x": 0.4397075749387099, "z": 0.07772921612724482}, "orientation": {"y": 0.7482352760107711, "x": -0.6617194501894262, "z": -0.018085719497501034, "w": 0.04409362453174428}}, "stability_score": 0.0}