{"GRASPA_board_pose": {"position": {"y": -0.27911329212247116, "x": 0.3988128284489757, "z": 0.08039838783462389}, "orientation": {"y": -0.014542414604416926, "x": 0.007727384839327962, "z": -0.6999572387553238, "w": 0.7139948666587462}}, "grasped_score": "1", "object": "cracker_box", "grasp_pose": {"position": {"y": -0.08456684897467742, "x": 0.5789480378548806, "z": 0.21430906615157908}, "orientation": {"y": -0.3842212376126343, "x": 0.9232393955250008, "z": 0.0013307147856325122, "w": 0.0011350401781340903}}, "stability_score": 1.0}