{"GRASPA_board_pose": {"position": {"y": -0.2784094161602559, "x": 0.3986842781394237, "z": 0.08064156300574099}, "orientation": {"y": -0.016691360797215136, "x": 0.006541935834318052, "z": -0.7006699833384405, "w": 0.7132602442298224}}, "grasped_score": "1", "object": "cracker_box", "grasp_pose": {"position": {"y": -0.04538835618295688, "x": 0.5421984267663611, "z": 0.21873727335024873}, "orientation": {"y": -0.45202830367186836, "x": 0.8879936334569759, "z": 0.019690467700559083, "w": -0.08215841467034533}}, "stability_score": 1.0}