{"GRASPA_board_pose": {"position": {"y": -0.2790143169989983, "x": 0.3988461924662991, "z": 0.08097067426911198}, "orientation": {"y": -0.014029570627298663, "x": 0.006988577874646457, "z": -0.7000174302724906, "w": 0.7139537297626521}}, "grasped_score": "1", "object": "cracker_box", "grasp_pose": {"position": {"y": -0.10499357688453409, "x": 0.5988007831016712, "z": 0.22067566666600158}, "orientation": {"y": -0.43678495577731374, "x": 0.8933348181343044, "z": 0.0005669826084346201, "w": -0.10569523946839586}}, "stability_score": 1.0}