{"GRASPA_board_pose": {"position": {"y": -0.27814768663943107, "x": 0.39828697569848104, "z": 0.08046938253378794}, "orientation": {"y": -0.01738181456377924, "x": 0.007198038599460907, "z": -0.7006449295776551, "w": 0.7132620440062079}}, "grasped_score": "1", "object": "potted_meat_can", "grasp_pose": {"position": {"y": -0.16796671812201394, "x": 0.43528562624683675, "z": 0.13734236740298789}, "orientation": {"y": 0.9497074193041583, "x": 0.22223309461249413, "z": 0.11975252463634259, "w": 0.1852770957803803}}, "stability_score": 1.0}