{"GRASPA_board_pose": {"position": {"y": -0.2765840304694064, "x": 0.3987819309923497, "z": 0.07974200490374367}, "orientation": {"y": -0.016370278242995112, "x": 0.007956787920903893, "z": -0.7019018638290023, "w": 0.7120410641736903}}, "grasped_score": "1", "object": "banana", "grasp_pose": {"position": {"y": 0.2258169768427444, "x": 0.6457230837126369, "z": 0.08529658002146268}, "orientation": {"y": -0.05512870072144523, "x": 0.9932280486012469, "z": 0.10042229283513955, "w": -0.019345100936881805}}, "stability_score": 1.0}