{"GRASPA_board_pose": {"position": {"y": -0.25881289796869306, "x": 0.4656379446877596, "z": 0.07201181937591933}, "orientation": {"y": -0.014449333166105282, "x": 0.022485825101626757, "z": -0.6982759881765291, "w": 0.7153294686902296}}, "grasped_score": "1", "object": "medium_clamp", "grasp_pose": {"position": {"y": 0.0920289119694425, "x": 0.7088887303703691, "z": 0.07860815533571952}, "orientation": {"y": 0.8292656712681438, "x": -0.5520117049927012, "z": 0.020125865175554203, "w": 0.08483203143967115}}, "stability_score": 1.0}