{"GRASPA_board_pose": {"position": {"y": -0.24930339490359046, "x": 0.4732912060899104, "z": 0.07646250466387094}, "orientation": {"y": -0.011354503305053932, "x": 0.017816942896608786, "z": -0.6925951797586656, "w": 0.7210170239152307}}, "grasped_score": "0", "object": "tomato_soup_can", "grasp_pose": {"position": {"y": 0.1977280766412627, "x": 0.5001700629243201, "z": 0.14765563150284344}, "orientation": {"y": 0.2799622005697242, "x": 0.9511879046677314, "z": -0.11920043596805938, "w": 0.051516913057682696}}, "stability_score": 0.0}