{"GRASPA_board_pose": {"position": {"y": -0.25318270573826934, "x": 0.4659491836071352, "z": 0.07371884530193334}, "orientation": {"y": -0.01218392991625236, "x": 0.0201921722190615, "z": -0.6911614408126958, "w": 0.7223155063866411}}, "grasped_score": "1", "object": "potted_meat", "grasp_pose": {"position": {"y": 0.0979677892348193, "x": 0.4769486699106776, "z": 0.14306475866371082}, "orientation": {"y": 0.3395731165732367, "x": 0.9375795276678783, "z": 0.06780281712106195, "w": 0.032210336683515035}}, "stability_score": 1.0}