{"GRASPA_board_pose": {"position": {"y": -0.25273037781922003, "x": 0.46552808921681565, "z": 0.07321601632399805}, "orientation": {"y": -0.013048460505983206, "x": 0.021412688713332517, "z": -0.6970138496457245, "w": 0.7166190953655486}}, "grasped_score": "0", "object": "tennis_ball", "grasp_pose": {"position": {"y": -0.10872098795617696, "x": 0.5301507216682846, "z": 0.11276837820972496}, "orientation": {"y": -0.31579959448203526, "x": 0.804936432098221, "z": 0.4864741941635007, "w": 0.12526298263629537}}, "stability_score": 0.0}