{"GRASPA_board_pose": {"position": {"y": -0.25300782830868873, "x": 0.46603476942083233, "z": 0.07258661559947277}, "orientation": {"y": -0.014491744734606219, "x": 0.02204568843337992, "z": -0.6907976429542676, "w": 0.7225666705881704}}, "grasped_score": "1", "object": "power_drill", "grasp_pose": {"position": {"y": 0.16489776341868995, "x": 0.708022573363689, "z": 0.23244774564605514}, "orientation": {"y": 0.41371957234866247, "x": 0.46726789995877066, "z": 0.6249262251235672, "w": -0.4690032390896346}}, "stability_score": 1.0}