{"GRASPA_board_pose": {"position": {"y": -0.25490186752733857, "x": 0.4647638252713034, "z": 0.07267828610511001}, "orientation": {"y": -0.012462482883286134, "x": 0.02230040069833469, "z": -0.691564369321567, "w": 0.7218629383296672}}, "grasped_score": "1", "object": "pear", "grasp_pose": {"position": {"y": -0.011331418728469583, "x": 0.5612980900105481, "z": 0.10592957920040014}, "orientation": {"y": 0.9903288246865446, "x": 0.12498339592799693, "z": -0.05420545996647038, "w": -0.026262860603835318}}, "stability_score": 1.0}