{"GRASPA_board_pose": {"position": {"y": -0.24523174183203839, "x": 0.44658516052583486, "z": 0.07555669574876683}, "orientation": {"y": -0.010776211006921003, "x": 0.017209618668129312, "z": -0.6976066755440067, "w": 0.7161931503010001}}, "grasped_score": "1", "object": "mustard_bottle", "grasp_pose": {"position": {"y": -0.1674712522008731, "x": 0.7064684403835959, "z": 0.19453946453352083}, "orientation": {"y": 0.18243865562667208, "x": 0.9289086030332813, "z": 0.3204330833460954, "w": -0.03416991719634211}}, "stability_score": 1.0}