{"GRASPA_board_pose": {"position": {"y": -0.2741362171240622, "x": 0.40117731338441387, "z": 0.08042231458988441}, "orientation": {"y": -0.015616860539622048, "x": 0.0076486278454009635, "z": -0.7021831924013651, "w": 0.7117839394563465}}, "grasped_score": "0", "object": "tennis_ball", "grasp_pose": {"position": {"y": -0.19057801872610364, "x": 0.5624355614910008, "z": 0.10828542707987576}, "orientation": {"y": 0.09258634942547878, "x": 0.9608812368803098, "z": -0.26027528113604675, "w": -0.019793800569389952}}, "stability_score": 0.0}