{"GRASPA_board_pose": {"position": {"y": -0.2767233196089715, "x": 0.3986956796200454, "z": 0.08014653108506914}, "orientation": {"y": -0.015975718364202373, "x": 0.007643896788838372, "z": -0.701917241023988, "w": 0.712038295331018}}, "grasped_score": "1", "object": "tennis_ball", "grasp_pose": {"position": {"y": -0.211034903344408, "x": 0.5533018815505295, "z": 0.10577988636926738}, "orientation": {"y": -0.5680946156193404, "x": 0.7775549412134881, "z": -0.10344534353385482, "w": -0.24894955713952502}}, "stability_score": 1.0}