{"GRASPA_board_pose": {"position": {"y": -0.2764807688356383, "x": 0.3985044083865335, "z": 0.08063042712997598}, "orientation": {"y": -0.016104952365838365, "x": 0.007172950303558158, "z": -0.7019100488731019, "w": 0.7120473738342108}}, "grasped_score": "0", "object": "banana", "grasp_pose": {"position": {"y": 0.22434610039358435, "x": 0.6958481169652494, "z": 0.09125293812231683}, "orientation": {"y": 0.9966063168750741, "x": -0.0388436604413039, "z": 0.007571121390557414, "w": 0.07217823307001761}}, "stability_score": 0.0}