{"GRASPA_board_pose": {"position": {"y": -0.2763956957644173, "x": 0.3985477134152904, "z": 0.0800962111038771}, "orientation": {"y": -0.01681104626218022, "x": 0.007608798737488046, "z": -0.7020726830817217, "w": 0.7118661690063487}}, "grasped_score": "1", "object": "banana", "grasp_pose": {"position": {"y": 0.22734937656220564, "x": 0.6399362081599742, "z": 0.08384326652566887}, "orientation": {"y": 0.992709771091658, "x": 0.01646924947666784, "z": 0.012214913219022062, "w": 0.11877234566966743}}, "stability_score": 1.0}