{"GRASPA_board_pose": {"position": {"y": -0.2780323168426306, "x": 0.39780797135433116, "z": 0.08048899650933639}, "orientation": {"y": -0.01729714051141114, "x": 0.007153691202465948, "z": -0.7001456608873092, "w": 0.7137546407365639}}, "grasped_score": "1", "object": "chips_can", "grasp_pose": {"position": {"y": -0.031799456829470746, "x": 0.6729160649593555, "z": 0.29939580135853944}, "orientation": {"y": -0.5441130542441237, "x": 0.6206453495628748, "z": 0.3748149746324156, "w": 0.42220145553800503}}, "stability_score": 0.2}