{"GRASPA_board_pose": {"position": {"y": -0.2791414419778109, "x": 0.3977942280535318, "z": 0.08012840738482097}, "orientation": {"y": -0.01682727508594005, "x": 0.008007298162877532, "z": -0.700399911450036, "w": 0.7135073160312334}}, "grasped_score": "1", "object": "chips_can", "grasp_pose": {"position": {"y": -0.020997316363160577, "x": 0.6782832360435065, "z": 0.27950945527161297}, "orientation": {"y": 0.5611991588322848, "x": 0.5651732872166049, "z": 0.456561904290535, "w": -0.39646675408325666}}, "stability_score": 1.0}