{"GRASPA_board_pose": {"position": {"y": -0.2737685647494183, "x": 0.4005293440377979, "z": 0.08063725829224072}, "orientation": {"y": -0.016039782915693614, "x": 0.007724487400498794, "z": -0.7025841201712187, "w": 0.7113779668654713}}, "grasped_score": "0", "object": "hammer", "grasp_pose": {"position": {"y": 0.08525104900735284, "x": 0.4361802251607897, "z": 0.07101536966469191}, "orientation": {"y": 0.7440969811555138, "x": -0.6676790030840672, "z": -0.01742012441347755, "w": 0.014865084639375}}, "stability_score": 0.0}