{"GRASPA_board_pose": {"position": {"y": -0.27666169439870547, "x": 0.3985764992671584, "z": 0.08075259557026859}, "orientation": {"y": -0.016599758646457248, "x": 0.007198144609980164, "z": -0.701814673976605, "w": 0.7121297621347987}}, "grasped_score": "1", "object": "banana", "grasp_pose": {"position": {"y": 0.2271128207296791, "x": 0.6338776070409207, "z": 0.08247361604232273}, "orientation": {"y": 0.9968204261750154, "x": 0.05055742284996349, "z": -0.006659959773633301, "w": 0.06122605565316273}}, "stability_score": 1.0}