{"GRASPA_board_pose": {"position": {"y": -0.2786803301509674, "x": 0.3983473460295766, "z": 0.08142509012486437}, "orientation": {"y": -0.01528858608770846, "x": 0.006997755013649059, "z": -0.7002815357923942, "w": 0.7136687335090796}}, "grasped_score": "1", "object": "mustard_bottle", "grasp_pose": {"position": {"y": 0.12253867619533251, "x": 0.540059687270377, "z": 0.2119303661007158}, "orientation": {"y": 0.5682942120104042, "x": 0.5745086678027838, "z": -0.4409148280146562, "w": 0.3906092595571072}}, "stability_score": 0.8}