{"GRASPA_board_pose": {"position": {"y": -0.2765323117958296, "x": 0.39849230720268103, "z": 0.08043820792962741}, "orientation": {"y": -0.017875058652668325, "x": 0.007520017475484876, "z": -0.7019745037381427, "w": 0.7119380083384512}}, "grasped_score": "1", "object": "banana", "grasp_pose": {"position": {"y": 0.22837751328625147, "x": 0.6281251095301748, "z": 0.08231532942040531}, "orientation": {"y": 0.9900953361972096, "x": 0.07100470880008813, "z": 0.009775760565908799, "w": 0.12072278606007658}}, "stability_score": 1.0}